Date, Quantity (000's), Total Value (Lacs)
2007-12-28, 34760, 368246.32
2007-12-29, 1198, 12768.03
2007-12-31, 31408, 334442.25
2008-01-01, 2373, 25179.11
2008-01-02, 62440, 672475.53
2008-01-03, 70043, 765434.48
2008-01-04, 60361, 659537.8
2008-01-05, 1207, 13168.12
2008-01-07, 45115, 491203.8
2008-01-08, 60221, 663394.42
2008-01-09, 66063, 735868.58
2008-01-10, 66011, 733763.99
2008-01-11, 54688, 616609.09
2008-01-12, 1960, 22185.53
2008-01-14, 68024, 777378.13
2008-01-15, 68232, 780478.5
2008-01-16, 92543, 1038641.21
2008-01-17, 61835, 692634.45
2008-01-18, 55438, 617841.55
2008-01-19, 1370, 15337.1
2008-01-21, 39514, 438276.19
2008-01-22, 92223, 1021948.23
2008-01-23, 73830, 833680.03
2008-01-24, 68895, 786623.94
2008-01-25, 71412, 827386.35
2008-01-28, 55747, 650434.2
2008-01-29, 68792, 807339.3
2008-01-30, 45501, 531966.39
2008-01-31, 64832, 760333.76
2008-02-01, 78771, 921536.22
2008-02-02, 2562, 29560.1
2008-02-04, 63105, 723638.37
2008-02-05, 70595, 803530.71
2008-02-06, 62963, 720720.02
2008-02-07, 69876, 805200.73
2008-02-08, 53306, 620289.75
2008-02-09, 2502, 29346.2
2008-02-11, 46559, 547682.89
2008-02-12, 58327, 681895.46
2008-02-13, 58253, 672031.26
2008-02-14, 46279, 536837.62
2008-02-15, 48035, 557587.31
2008-02-16,1706, 19703.8
2008-02-18, 17715, 204813.54
2008-02-19, 59303, 696929.47
2008-02-20, 58363, 691752.07
2008-02-21, 55931, 675826.37
2008-02-22, 49321, 595317.16
2008-02-23,1446, 17495.5
2008-02-25, 53409, 645475.71
2008-02-26, 54585, 655214.09
2008-02-27, 55660, 680659.67
2008-02-28, 45047, 551866.79
2008-02-29, 46462, 574801.35
2008-03-01,1695, 21065.83
2008-03-03, 45643, 575145.61
2008-03-04, 49313, 620520.28
2008-03-05, 70112, 880929.27
2008-03-06, 62067, 789255.7
2008-03-07, 53367, 677900.23
2008-03-08,1408, 17852.18
2008-03-10, 48237, 609274.5
2008-03-11, 54867, 695991.37
2008-03-12, 43930, 556641.7
2008-03-13, 54972, 707440.27
2008-03-14, 49449, 639913.86
2008-03-15,3044, 39682.45
2008-03-17, 66693, 883535.95
2008-03-18, 44050, 577196.24
2008-03-19, 73406, 929637.38
2008-03-20, 61185, 737874.26
2008-03-24, 49299, 589700.56
2008-03-25, 41473, 500008.09
2008-03-26, 44271, 541784.97
2008-03-27, 41142, 504970.59
2008-03-28, 46337, 560148.54
2008-03-29,2520, 30263.71
2008-03-31, 51212, 616976.17
2008-04-01, 53542, 623072.53
2008-04-02, 39121, 451906.94
2008-04-03, 42556, 496338.26
2008-04-04, 29473, 345710.33
2008-04-05,1347, 15939.63
2008-04-07, 30041, 357562.87
2008-04-08, 35466, 420391.1
2008-04-09, 46419, 550440.73
2008-04-10, 44037, 529890.56
2008-04-11, 37126, 443445.35
2008-04-12,1324, 15854.19
2008-04-14, 15799, 189269.81
2008-04-15, 30071, 361716.97
2008-04-16, 38236, 463708.96
2008-04-17, 35523, 433301.36
2008-04-18, 35632, 421800.5
2008-04-19,1897, 22490.96
2008-04-21, 40796, 484285.89
2008-04-22, 33238, 394827.22
2008-04-23, 42126, 496070.3
2008-04-24, 48928, 570263.86
2008-04-25, 42536, 491532.81
2008-04-26,1215, 14032.58
2008-04-28, 25636, 297597.67
2008-04-29, 35997, 415413.65
2008-04-30, 41787, 476771.89
2008-05-01, 30054, 338209.97
2008-05-02, 37711, 424004.39
2008-05-03,1197, 13535.35
2008-05-05, 22804, 259969.7
2008-05-06, 30699, 355047.69
2008-05-07, 27678, 320973.32
2008-05-08, 35640, 419120.23
2008-05-09, 41039, 485872.68
2008-05-10,1337, 15904.93
2008-05-12, 31919, 380783.88
2008-05-13, 39015, 462228.94
2008-05-14, 33320, 394948.97
2008-05-15, 50519, 605682.96
2008-05-16, 48084, 587237.06
2008-05-17,2567, 31689.92
2008-05-19, 22395, 277420.79
2008-05-20, 40506, 505998.87
2008-05-21, 44312, 563142.52
2008-05-22, 52993, 680307.21
2008-05-23, 33472, 426284.84
2008-05-24,1184, 15086.83
2008-05-26,8439, 107598.34
2008-05-27, 42603, 540501.9
2008-05-28, 50398, 624655.32
2008-05-29, 53243, 652592.75
2008-05-30, 43236, 523915.47
2008-05-31,3635, 44365.03
2008-06-02, 40146, 489279.02
2008-06-03, 36908, 450542.61
2008-06-04, 39937, 486112.98
2008-06-05, 45262, 548385.78
2008-06-06, 47882, 589162.82
2008-06-07,2707, 33942.75
2008-06-09, 47234, 590855.97
2008-06-10, 52169, 639724.11
2008-06-11, 43973, 535511.61
2008-06-12, 48630, 585439.56
2008-06-13, 47014, 567769.28
2008-06-14,1035, 12540.57
2008-06-16, 44882, 550156.49
2008-06-17, 47028, 577356.99
2008-06-18, 44336, 546723.1
2008-06-19, 54790, 682814.33
2008-06-20, 45255, 567649.19
2008-06-21,61, 12045.82
2008-06-23, 52540, 652223.69
2008-06-24, 47797, 591038.81
2008-06-25, 49961, 613378.69
2008-06-26, 57972, 722729.33
2008-06-27, 53695, 684702.57
2008-06-28,1668, 21427.66
2008-06-30, 50825, 655696.57
2008-07-01, 68350, 893411.5
2008-07-02, 58302, 764566.16
2008-07-03, 51070, 671114.9
2008-07-04, 11372, 148109.8
2008-07-05,56, 9862.71
2008-07-07, 56500, 728530.39
2008-07-08, 59380, 766855.9
2008-07-09, 50240, 647786.49
2008-07-10, 49696, 646927.48
2008-07-11, 57604, 762824.88
2008-07-12,1709, 22835.33
2008-07-14, 59037, 790074.73
2008-07-15, 85620, 1166325.4
2008-07-16, 72675, 981559.79
2008-07-17, 82959, 1107222.41
2008-07-18, 68464, 906989.42
2008-07-19,1281, 16932.3
2008-07-21, 50186, 667496.03
2008-07-22, 81140, 1077841.78
2008-07-23, 93615, 1197955.31
2008-07-24, 67837, 856738.94
2008-07-25, 58081, 738030.69
2008-07-26,1951, 24832.22
2008-07-28, 52773, 672756.08
2008-07-29, 60034, 764367.72
2008-07-30, 85399, 1064492.76
2008-07-31, 66591, 842826.17
2008-08-01, 59725, 751743.04
2008-08-02,1264, 15917.04
2008-08-04, 55705, 698914.23
2008-08-05, 60739, 743094.04
2008-08-06, 59422, 722364.12
2008-08-07, 61294, 743312.65
2008-08-08, 66133, 786710.73
2008-08-09,1828, 21636.04
2008-08-11, 79571, 933047.93
2008-08-12, 78855, 894211.02
2008-08-13, 70043, 805927.74
2008-08-14, 72070, 836215.1
2008-08-16,9055, 101559.98
2008-08-18, 66483, 757919.51
2008-08-19, 70424, 806755.85
2008-08-20, 70753, 823443.51
2008-08-21, 66116, 776543.65
2008-08-22, 54432, 637907.14
2008-08-23,2095, 24494.01
2008-08-25, 52234, 611662.87
2008-08-26, 67318, 787626.31
2008-08-27, 54372, 641716.18
2008-08-28, 59961, 711318.25
2008-08-29, 41631, 494405.85
2008-08-30,1732, 20601.94
2008-09-01, 24234, 287640.28
2008-09-02, 74949, 872049.83
2008-09-03, 37796, 439350.92
2008-09-04, 58351, 679643.14
2008-09-05, 80735, 940273.7
2008-09-06,2045, 23864.87
2008-09-08, 66228, 775012.77
2008-09-09, 79398, 918848.09
2008-09-10, 75632, 864780.11
2008-09-11, 76848, 864723.84
2008-09-12, 48815, 553646.24
2008-09-13,3424, 39077.29
2008-09-15, 82749, 959659.4
2008-09-16, 81886, 961313.85
2008-09-17, 107495, 1297934.29
2008-09-18, 111368, 1452613.85
2008-09-19, 91602, 1152738.17
2008-09-20,3151, 40141.08
2008-09-22, 71403, 922855.2
2008-09-23, 68315, 895409.84
2008-09-24, 65464, 858368.19
2008-09-25, 69728, 910416.75
2008-09-26, 85869, 1129914.86
2008-09-27,3523, 46365.16
2008-09-29, 90588, 1205055.73
2008-09-30, 64443, 865232.05
2008-10-01, 48919, 648385.25
2008-10-03, 60178, 770844.27
2008-10-04,1876, 24031.71
2008-10-06, 67616, 887634.72
2008-10-07, 63061, 847889.71
2008-10-08, 74925, 1035504.96
2008-10-09, 23006, 313452.49
2008-10-10, 78599, 1093098.63
2008-10-11,3933, 52731.43
2008-10-13, 54881, 723083.36
2008-10-14, 54410, 711056.32
2008-10-15, 49056, 647833.38
2008-10-16, 59034, 763431.55
2008-10-17, 52203, 657299.86
2008-10-18,1681, 21118.36
2008-10-20, 42438, 537370.52
2008-10-21, 52218, 650366.58
2008-10-22, 57213, 693082.37
2008-10-23, 69419, 813582.06
2008-10-24, 69231, 801911.11
2008-10-25,2428, 28894.96
2008-10-27, 59654, 702348.77
2008-10-28, 10179, 122272.24
2008-10-29, 44164, 537484.41
2008-10-30, 34317, 414024.56
2008-10-31, 47189, 553202.58
2008-11-01,2250, 26383.47
2008-11-03, 39562, 461039.3
2008-11-04, 53991, 627259.89
2008-11-05, 59223, 689999.57
2008-11-06, 62581, 724846.21
2008-11-07, 44987, 518866.03
2008-11-08,1868, 21584.12
2008-11-10, 49727, 580606.4
2008-11-11, 43786, 506940.63
2008-11-12, 53394, 621958.32
2008-11-13, 37274, 431732.17
2008-11-14, 51604, 604196.81
2008-11-15,2670, 31486.76
2008-11-17, 44489, 524823.78
2008-11-18, 38201, 453186.28
2008-11-19, 59148, 709317.73
2008-11-20, 57890, 699033.6
2008-11-21, 73796, 918158.07
2008-11-22,5678, 73202.04
2008-11-24, 68859, 898995.51
2008-11-25, 69022, 901755.64
2008-11-26, 52568, 682642.81
2008-11-28, 37796, 492587.23
2008-11-29,8571, 112426.08
2008-12-01, 64383, 826109.05
2008-12-02, 57423, 721813.5
2008-12-03, 54286, 679665.19
2008-12-04, 61266, 761099.93
2008-12-05, 62371, 759706.92
2008-12-06,3354, 40610.43
2008-12-08, 51679, 636523.09
2008-12-09, 35356, 434017.81
2008-12-10, 67112, 843173.08
2008-12-11, 60957, 780484.12
2008-12-12, 55388, 706751.11
2008-12-13,1347, 17252.99
2008-12-15, 48744, 627636.16
2008-12-16, 41386, 533460.46
2008-12-17, 68350, 897237.72
2008-12-18, 63095, 822859.92
2008-12-19, 48940, 624186.04
2008-12-20,1734, 22083.78
2008-12-22, 46679, 605711.01
2008-12-23, 47446, 622317.31
2008-12-24, 39193, 509560.99
2008-12-26, 30352, 398966.71
2008-12-27,3850, 51596.59
2008-12-29, 53868, 737645.79
2008-12-30, 50768, 684317.15
2008-12-31, 39293, 528726.37
2009-01-01,9671, 132652.86
2009-01-02, 48062, 653328.45
2009-01-03,1908, 25861.09
2009-01-05, 63008, 841590.06
2009-01-06, 67352, 889603.06
2009-01-07, 72396, 968712.73
2009-01-08, 64150, 856290.77
2009-01-09, 76798, 1022909.34
2009-01-10,2333, 31104.5
2009-01-12, 75206, 986579.93
2009-01-13, 61448, 795708.04
2009-01-14, 50353, 650118
2009-01-15, 61163, 783959.69
2009-01-16, 58560, 759968.82
2009-01-17,4011, 52781.68
2009-01-19, 29463, 386282.1
2009-01-20, 98650, 1317056.17
2009-01-21, 69570, 937845.56
2009-01-22, 63726, 858935.15
2009-01-23, 90171, 1244862.45
2009-01-24,7320, 103156.03
2009-01-27, 60931, 857966.34
2009-01-28, 64582, 901249.94
2009-01-29, 78594, 1093254.19
2009-01-30, 92505, 1325709.56
2009-01-31,9350, 134873.62
2009-02-02, 64555, 920334.94
2009-02-03, 74623, 1051735.55
2009-02-04, 56320, 791933.6
2009-02-05, 69081, 985033.67
2009-02-06, 63666, 905396.31
2009-02-07,2303, 32665.43
2009-02-09, 54935, 770361.4
2009-02-10, 63540, 896924.27
2009-02-11, 82577, 1194578.05
2009-02-12, 69864, 1028127.79
2009-02-13, 50794, 742270.54
2009-02-14,1546, 22620.94
2009-02-16, 25264, 370804.69
2009-02-17, 85865, 1309642.6
2009-02-18, 82913, 1285433.9
2009-02-19, 67597, 1051225.29
2009-02-20, 78489, 1237143.36
2009-02-21,4050, 64223.56
2009-02-23, 44547, 701958.26
2009-02-24, 79415, 1245262.31
2009-02-25, 77215, 1190553.23
2009-02-26, 74696, 1139332.94
2009-02-27, 92999, 1443248.53
2009-02-28,3123, 48345.98
2009-03-02, 79396, 1252041.72
2009-03-03, 83296, 1277188.78
2009-03-04, 73404, 1110807.73
2009-03-05, 65749, 1002147.38
2009-03-06, 68858, 1070558.18
2009-03-07,3247, 50451.36
2009-03-09, 61905, 958471.23
2009-03-10, 71031, 1071566.29
2009-03-11, 35327, 530322.52
2009-03-12, 81845, 1249896.02
2009-03-13, 67762, 1039802.4
2009-03-14,2372, 36360.83
2009-03-16, 63335, 964520.27
2009-03-17, 58295, 884380.3
2009-03-18, 93188, 1386689.32
2009-03-19, 99333, 1518071.89
2009-03-20, 74234, 1150924.96
2009-03-21,2882, 44698.23
2009-03-23, 53986, 833292.4
2009-03-24, 79894, 1210204.97
2009-03-25, 86359, 1306363.93
2009-03-26, 58575, 892873.93
2009-03-27, 57471, 869456.98
2009-03-28,3400, 51362.11
2009-03-30, 89263, 1355622.27
2009-03-31, 67708, 1019282.49
2009-04-01, 55871, 842810.55
2009-04-02, 88977, 1316752.21
2009-04-03, 57605, 841551.75
2009-04-04,4406, 63802.76
2009-04-06, 58517, 827551.1
2009-04-07, 34584, 492521.09
2009-04-08, 47644, 683288.92
2009-04-09, 41337, 586925.71
2009-04-11,2123, 30133.03
2009-04-13, 39615, 568844.39
2009-04-14, 29270, 419262.14
2009-04-15, 43907, 628198.8
2009-04-16, 51088, 726039.55
2009-04-17, 44060, 617002.43
2009-04-18,2020, 28324.84
2009-04-20, 52900, 753148.46
2009-04-21, 50784, 733207.55
2009-04-22, 46209, 664528.39
2009-04-23, 48300, 699846.49
2009-04-24, 48153, 703742.94
2009-04-25,1459, 21337.5
2009-04-27, 37409, 551522.94
2009-04-28, 44040, 641087.41
2009-04-29, 32635, 472892.35
2009-05-01, 20999, 299658.52
2009-05-02,2045, 29207.33
2009-05-04, 42607, 614036.29
2009-05-05, 44370, 640702.74
2009-05-06, 42922, 620629.48
2009-05-07, 55721, 811108.85
2009-05-08, 42973, 623743.33
2009-05-11, 32371, 471364.05
2009-05-12, 42374, 619374.54
2009-05-13, 50613, 749103.29
2009-05-14, 32501, 482170.42
2009-05-15, 31701, 469353.79
2009-05-16,5023, 74245.55
2009-05-18, 67316, 966880.06
2009-05-19, 49162, 699335.99
2009-05-20, 44911, 642511.13
2009-05-21, 42929, 619118.26
2009-05-22, 35610, 516728.08
2009-05-23,1348, 19563.96
2009-05-25, 12539, 182660.8
2009-05-26, 48289, 704932.44
2009-05-27, 44184, 645417.74
2009-05-28, 47522, 696467.15
2009-05-29, 55016, 815412.6
2009-05-30,8463, 126052.98
2009-06-01, 53279, 792509.89
2009-06-02, 44480, 659877.18
2009-06-03, 48958, 725354.54
2009-06-04, 44516, 657432
2009-06-05, 52440, 772123.57
2009-06-06,2356, 34462.32
2009-06-08, 37092, 540836.35
2009-06-09, 37988, 555770.84
2009-06-10, 44061, 644632.63
2009-06-11, 44275, 647123.74
2009-06-12, 41913, 609091.65
2009-06-13,1554, 22489.81
2009-06-15, 34743, 501528.31
2009-06-16, 28083, 405716.88
2009-06-17, 31884, 462336.72
2009-06-18, 33132, 483091.12
2009-06-19, 23661, 343849.1
2009-06-20,42, 10790.58
2009-06-22, 40409, 586185.88
2009-06-23, 34716, 502138.19
2009-06-24, 41276, 602246.52
2009-06-25, 29979, 439758.07
2009-06-26, 32476, 477510.67
2009-06-27,1051, 15393.7
2009-06-29, 26824, 391611.82
2009-06-30, 37678, 546964.43
2009-07-01, 36478, 528717.08
2009-07-02, 27588, 399484.21
2009-07-03, 12135, 175572.87
2009-07-04,97, 12969.91
2009-07-06, 32676, 473922.15
2009-07-07, 29453, 428969.19
2009-07-08, 42279, 615117.28
2009-07-09, 27139, 392862.33
2009-07-10, 26921, 389262.79
2009-07-11,48, 13745.9
2009-07-13, 30000, 436621.39
2009-07-14, 27504, 402616.07
2009-07-15, 28959, 426277.95
2009-07-16, 26267, 387694.57
2009-07-17, 18922, 279246.97
2009-07-18,1493, 22040.12
2009-07-20, 33237, 493734.08
2009-07-21, 27125, 403095.55
2009-07-22, 27983, 416744.73
2009-07-23, 30559, 456851.84
2009-07-24, 19012, 283122.94
2009-07-25,1418, 21106.19
2009-07-27, 24195, 361383.25
2009-07-28, 40009, 593403.74
2009-07-29, 37715, 554265.95
2009-07-30, 27138, 398429.4
2009-07-31, 47943, 705034.02
2009-08-01,4185, 62022.21
2009-08-03, 28185, 417737.92
2009-08-04, 31763, 470835.96
2009-08-05, 20463, 304975.88
2009-08-06, 33795, 504824.23
2009-08-07, 30611, 455871.55
2009-08-08,13, 10599.1
2009-08-10, 27958, 412985.45
2009-08-11, 21407, 316334.87
2009-08-12, 21083, 312899.8
2009-08-13, 22475, 335595.18
2009-08-14, 24997, 373510.72
2009-08-17, 25423, 377574.93
2009-08-18, 21610, 321296.13
2009-08-19, 26075, 388973.87
2009-08-20, 18276, 272460.83
2009-08-21, 28594, 428214.84
2009-08-22,1304, 19569.93
2009-08-24, 28046, 420464.68
2009-08-25, 29558, 443314.84
2009-08-26, 23604, 354347.69
2009-08-27, 21459, 322271.81
2009-08-28, 25869, 390091.95
2009-08-29,1069, 16156.16
2009-08-31, 24677, 372684.29
2009-09-01, 31493, 476470.4
2009-09-02, 40345, 619977.91
2009-09-03, 42337, 661773.87
2009-09-04, 32572, 511796.99
2009-09-05,58, 15078.52
2009-09-07, 16650, 261794.47
2009-09-08, 50493, 797536.06
2009-09-09, 40620, 638471.07
2009-09-10, 42087, 657505.47
2009-09-11, 36876, 582816.69
2009-09-12,1354, 21436.38
2009-09-14, 27260, 430673.25
2009-09-15, 37446, 590820
2009-09-16, 41160, 656201.25
2009-09-17, 40954, 651538.92
2009-09-18, 35001, 554803.96
2009-09-19,1614, 25517.03
2009-09-21, 19927, 313219.91
2009-09-22, 31227, 494486.57
2009-09-23, 33457, 529498.43
2009-09-24, 51977, 817898.2
2009-09-25, 42023, 653288.85
2009-09-26,2324, 36082.84
2009-09-28, 13240, 206068.84
2009-09-29, 36585, 567605.69
2009-09-30, 53499, 835005.81
2009-10-01, 43731, 683005.2
2009-10-03,3730, 58236.26
2009-10-05, 30075, 468470.85
2009-10-06, 50693, 796567.05
2009-10-07, 42150, 667196.25
2009-10-08, 52846, 837781.19
2009-10-09, 32514, 514363.34
2009-10-10,1104, 17481.8
2009-10-12, 30224, 480825.57
2009-10-13, 26546, 424447.97
2009-10-14, 41762, 665693.93
2009-10-15, 44343, 700809.78
2009-10-16, 32990, 521009.83
2009-10-17,2854, 45243.45
2009-10-19, 14181, 224480.05
2009-10-20, 35144, 559317.03
2009-10-21, 38258, 608843.11
2009-10-22, 39435, 630924.47
2009-10-23, 47076, 753137.11
2009-10-24,1478, 23626.31
2009-10-26, 38532, 614232.71
2009-10-27, 33538, 531681.61
2009-10-28, 36343, 577082.84
2009-10-29, 34266, 544788.22
2009-10-30, 32946, 524751.02
2009-10-31,2838, 45297.46
2009-11-02, 23944, 385688.07
2009-11-03, 58785, 962087.59
2009-11-04, 44398, 737380.81
2009-11-05, 30782, 510925.87
2009-11-06, 40220, 668082.94
2009-11-07,1921, 31976.24
2009-11-09, 33056, 550996.02
2009-11-10, 43517, 723105.21
2009-11-11, 37780, 632671.85
2009-11-12, 44029, 740945.11
2009-11-13, 46843, 781741.19
2009-11-14,1859, 31227.85
2009-11-16, 42257, 713899.15
2009-11-17, 41164, 699064.83
2009-11-18, 46608, 798822.66
2009-11-19, 47025, 806791.58
2009-11-20, 47483, 817702.69
2009-11-21,5542, 96277.29
2009-11-23, 45944, 806137.46
2009-11-24, 44435, 779783.84
2009-11-25, 43609, 770092.57
2009-11-26, 52115, 930263.16
2009-11-27, 121647, 2143352.66
2009-11-30, 76831, 1355626.87
2009-12-01, 60586, 1083440.37
2009-12-02, 53795, 977506.74
2009-12-03, 67437, 1226869.12
2009-12-04, 87471, 1564149.88
2009-12-05,4421, 77699.92
2009-12-07, 82647, 1435555.33
2009-12-08, 63824, 1118343
2009-12-09, 82428, 1421177.82
2009-12-10, 54200, 926940.17
2009-12-11, 67514, 1154418.39
2009-12-12,2545, 43176.27
2009-12-14, 45930, 782560.39
2009-12-15, 55187, 937937.69
2009-12-16, 47134, 808523.98
2009-12-17, 65015, 1109338.57
2009-12-18, 65094, 1097790.39
2009-12-19,1319, 22384.93
2009-12-21, 56554, 954339.21
2009-12-22, 68512, 1137834.71
2009-12-23, 43958, 728699.4
2009-12-24, 34504, 578114.9
2009-12-26,2375, 39948.91
2009-12-28, 28047, 472241.41
2009-12-29, 38941, 653116.08
2009-12-30, 43140, 717654.89
2009-12-31, 28966, 484411.53
2010-01-01,1464, 24426.49
2010-01-02,2519, 42132.52
2010-01-04, 48321, 811343.79
2010-01-05, 47998, 810325.85
2010-01-06, 52572, 885526.46
2010-01-07, 41615, 700632.6
2010-01-08, 55432, 930703.7
2010-01-09,2712, 45810.64
2010-01-11, 40106, 683634.87
2010-01-12, 47206, 803269.65
2010-01-13, 59147, 992024.24
2010-01-14, 42123, 710713.98
2010-01-15, 37851, 637794.26
2010-01-16,1324, 22318.33
2010-01-18, 15818, 266400.51
2010-01-19, 38123, 643694.1
2010-01-20, 57496, 965122.71
2010-01-21, 70798, 1171144.67
2010-01-22, 56520, 929490.55
2010-01-23,2088, 34436.31
2010-01-25, 37303, 615948.97
2010-01-27, 52067, 859361.2
2010-01-28, 60641, 993315.27
2010-01-29, 68068, 1107649.29
2010-01-30,8353, 135851.06
2010-02-01, 47562, 781075.52
2010-02-02, 43709, 730011.72
2010-02-03, 49774, 831499.76
2010-02-04, 79397, 1299218.36
2010-02-05, 68615, 1103937.17
2010-02-06,4187, 68184.12
2010-02-08, 46573, 758352.79
2010-02-09, 54344, 885654.89
2010-02-10, 56590, 921537.66
2010-02-11, 57924, 948318.48
2010-02-12, 33239, 545238.09
2010-02-13,1895, 31268.27
2010-02-15, 23612, 390814.31
2010-02-16, 45120, 754746.5
2010-02-17, 57647, 966092.77
2010-02-18, 62310, 1038839.32
2010-02-19, 52906, 884813.86
2010-02-20,2338, 39329.93
2010-02-22, 43237, 725938.01
2010-02-23, 48857, 814231.96
2010-02-24, 59266, 978959.93
2010-02-25, 59099, 977180.13
2010-02-26, 45653, 764660.59
2010-02-27,1962, 32956.42
2010-03-01, 17502, 293948.8
2010-03-02, 48562, 820006.58
2010-03-03, 47729, 812510.94
2010-03-04, 45231, 767893.81
2010-03-05, 43373, 733637.13
2010-03-06,1113, 18813.62
2010-03-08, 41345, 694749.32
2010-03-09, 47687, 795100.57
2010-03-10, 63831, 1061119.59
2010-03-11, 50144, 827618.68
2010-03-12, 52723, 871548.48
2010-03-13,2421, 39844.66
2010-03-15, 32911, 543254.34
2010-03-16, 38411, 640805.84
2010-03-17, 40378, 675725.7
2010-03-18, 41091, 686812.85
2010-03-19, 58873, 976185.98
2010-03-20,2593, 42819.67
2010-03-22, 47679, 783769.63
2010-03-23, 43052, 707932.02
2010-03-24, 44287, 724717.91
2010-03-25, 42599, 694290.85
2010-03-26, 51992, 848200.36
2010-03-27,2733, 44844.45
2010-03-29, 35750, 585599.9
2010-03-30, 36861, 603001.03
2010-03-31, 48071, 787755.66
2010-04-01, 35840, 590264.48
2010-04-03,2110, 34865.48
2010-04-05, 30245, 498916.46
2010-04-06, 34122, 563620.88
2010-04-07, 42458, 707650.54
2010-04-08, 41248, 691091.88
2010-04-09, 38589, 648183.4
2010-04-10,1282, 21582.84
2010-04-12, 36625, 619866.73
2010-04-13, 47690, 801270.15
2010-04-14, 26081, 438584.73
2010-04-15, 31707, 532817.6
2010-04-16, 61659, 1029043.94
2010-04-17,2737, 45461.75
2010-04-19, 48822, 809015.83
2010-04-20, 38747, 645204.67
2010-04-21, 39043, 651031.23
2010-04-22, 46177, 769531.17
2010-04-23, 56424, 940984.55
2010-04-24,3067, 51569.34
2010-04-26, 26675, 448009.94
2010-04-27, 52708, 887725.33
2010-04-28, 51784, 881941.29
2010-04-29, 40634, 690683.04
2010-04-30, 31720, 541870.29
2010-05-03, 29825, 513081
2010-05-04, 63404, 1092926.16
2010-05-05, 57838, 994830.2
2010-05-06, 63394, 1112594.89
2010-05-07, 69017, 1231510.67
2010-05-08,2126, 38184.63
2010-05-10, 60853, 1066846.23
2010-05-11, 56392, 1008682.21
2010-05-12, 65300, 1187238.13
2010-05-13, 49482, 895654.4
2010-05-14, 72939, 1327076.78
2010-05-15,1752, 31866.39
2010-05-17, 60165, 1099572.74
2010-05-18, 55920, 1008166.64
2010-05-19, 75245, 1362867.41
2010-05-20, 76265, 1381660.35
2010-05-21, 65225, 1175326.89
2010-05-22,1546, 27840.77
2010-05-24, 42874, 775976.28
2010-05-25, 66010, 1216309.82
2010-05-26, 48463, 901131.9
2010-05-27, 33573, 618931.85
2010-05-28, 45533, 835353.87
2010-05-29,5112, 94387.19
2010-05-31, 30399, 558956.55
2010-06-01, 63867, 1193484.15
2010-06-02, 46085, 862056.71
2010-06-03, 48052, 889371.19
2010-06-04, 75394, 1392095.69
2010-06-05,4035, 75835.05
2010-06-07, 59121, 1110822.43
2010-06-08, 59284, 1128592.25
2010-06-09, 58183, 1096981.14
2010-06-10, 66283, 1238969.72
2010-06-11, 50448, 942875.99
2010-06-12,2041, 38251.89
2010-06-14, 60845, 1131406.56
2010-06-15, 46512, 866363.33
2010-06-16, 46232, 864454.74
2010-06-17, 50176, 940739.13
2010-06-18, 43223, 813528.61
2010-06-19,1407, 26535.48
2010-06-21, 60218, 1126336.03
2010-06-22, 46569, 866775.23
2010-06-23, 56319, 1052293.72
2010-06-24, 63088, 1180963.83
2010-06-25, 44507, 838343.17
2010-06-26,1630, 30683.57
2010-06-28, 66000, 1242783.77
2010-06-29, 65220, 1224849.28
2010-06-30, 53489, 1007769.78
2010-07-01, 75780, 1419016.4
2010-07-02, 54368, 1004078.03
2010-07-03,2200, 40788.82
2010-07-05, 14843, 274819.08
2010-07-06, 67659, 1245180.88
2010-07-07, 54004, 989922.76
2010-07-08, 62101, 1139355.04
2010-07-09, 45317, 831842.06
2010-07-10,1710, 31496.45
2010-07-12, 40352, 742159.68
2010-07-13, 41861, 772096.6
2010-07-14, 51908, 956847.87
2010-07-15, 53193, 980673.6
2010-07-16, 57639, 1056261.17
2010-07-17,2518, 46151.51
2010-07-19, 48913, 893551.25
2010-07-20, 51466, 940795.29
2010-07-21, 37643, 691136.95
2010-07-22, 56098, 1026070.16
2010-07-23, 53686, 983555.25
2010-07-24,1603, 29283.04
2010-07-26, 50584, 921144.11
2010-07-27, 85800, 1540570.82
2010-07-28, 60912, 1082340.62
2010-07-29, 53474, 950017.26
2010-07-30, 59350, 1058690.35
2010-07-31,9193, 164237.34
2010-08-02, 49570, 886631.8
2010-08-03, 38637, 693527.47
2010-08-04, 47922, 867216.35
2010-08-05, 32256, 583247.81
2010-08-06, 47434, 860899.12
2010-08-07,1614, 29376.2
2010-08-09, 33135, 603230.79
2010-08-10, 37486, 681428.68
2010-08-11, 64717, 1187189.14
2010-08-12, 56016, 1034785.06
2010-08-13, 35488, 658172.97
2010-08-14,1349, 25051.64
2010-08-16, 40195, 750511.4
2010-08-17, 29321, 547310.44
2010-08-18, 47917, 892918.33
2010-08-19, 38754, 726089.58
2010-08-20, 37337, 699158.6
2010-08-21,1041, 19501.61
2010-08-23, 25249, 472156.71
2010-08-24, 44733, 838266.61
2010-08-25, 46372, 877846.05
2010-08-26, 39479, 747413.8
2010-08-27, 43146, 816305.03
2010-08-28,1695, 32036.1
2010-08-30, 22098, 418086.18
2010-08-31, 45382, 864381.9
2010-09-01, 49628, 946834.32
2010-09-02, 35983, 685475.85
2010-09-03, 48744, 924222.92
2010-09-04,1778, 33734.77
2010-09-06, 14424, 273782.72
2010-09-07, 41659, 796904.42
2010-09-08, 44690, 855823.1
2010-09-09, 54327, 1032951.86
2010-09-10, 36215, 683886.94
2010-09-13, 39064, 736822.88
2010-09-14, 62056, 1185324.82
2010-09-15, 42811, 821833.64
2010-09-16, 43361, 831601.02
2010-09-17, 38102, 729961
2010-09-18,2039, 39087.85
2010-09-20, 33063, 632009.07
2010-09-21, 38859, 740981.75
2010-09-22, 49573, 951637.95
2010-09-23, 35056, 673773.32
2010-09-24, 43533, 834976.05
2010-09-25,2608, 50003.06
2010-09-27, 27995, 535498.44
2010-09-28, 65273, 1247199.1
2010-09-29, 41726, 801963.68
2010-09-30, 54596, 1048009.91
2010-10-01, 36400, 698656.7
2010-10-04, 26835, 515901.21
2010-10-05, 46616, 905181.05
2010-10-06, 37729, 738566.92
2010-10-07, 79440, 1555234.63
2010-10-08, 60820, 1181690.51
2010-10-09,3235, 63188.6
2010-10-11, 38224, 749777.46
2010-10-12, 38350, 754505.57
2010-10-13, 45097, 894001.31
2010-10-14, 56722, 1130625.88
2010-10-15, 46144, 916278.82
2010-10-16,1722, 34211.39
2010-10-18, 39210, 775810.88
2010-10-19, 65957, 1300032.36
2010-10-20, 45412, 886769.2
2010-10-21, 51030, 994664.56
2010-10-22, 48830, 945781.32
2010-10-23,3118, 60679.68
2010-10-25, 38294, 748901.75
2010-10-26, 35969, 702504.84
2010-10-27, 40541, 790597.98
2010-10-28, 44455, 866993.36
2010-10-29, 53265, 1047143.65
2010-10-30,4613, 91394.97
2010-11-01, 40119, 794576.09
2010-11-02, 31004, 611534.13
2010-11-03, 56749, 1111873.37
2010-11-04, 52921, 1047701.31
2010-11-05, 11922, 237012.08
2010-11-06,4815, 96282.52
2010-11-08, 47274, 953278.94
2010-11-09, 47661, 975508.74
2010-11-10, 58842, 1191650.35
2010-11-11, 40895, 833367.2
2010-11-12, 60560, 1223348.08
2010-11-13,2380, 47983.41
2010-11-15, 41106, 829348.7
2010-11-16, 56115, 1124246.84
2010-11-17, 26698, 533462.28
2010-11-18, 45497, 911864.15
2010-11-19, 42441, 850560.43
2010-11-20,3533, 71252.9
2010-11-22, 35247, 708982.9
2010-11-23, 62496, 1272269.66
2010-11-24, 42855, 877589.03
2010-11-25, 16720, 340969.4
2010-11-26, 40605, 826010.33
2010-11-27,3571, 72756.27
2010-11-29, 44774, 913318.12
2010-11-30, 55774, 1152411.88
2010-12-01, 45186, 936451.63
2010-12-02, 35068, 724441.47
2010-12-03, 39466, 815262.23
2010-12-04,3596, 74800.34
2010-12-06, 33075, 689028.06
2010-12-07, 47639, 991055.71
2010-12-08, 52311, 1076081.84
2010-12-09, 33962, 698800.44
2010-12-10, 42653, 875021.69
2010-12-11,1912, 39224.75
2010-12-13, 26883, 553743.75
2010-12-14, 31398, 648797.55
2010-12-15, 37009, 763859
2010-12-16, 42598, 873634.52
2010-12-17, 26024, 532866.41
2010-12-18,2268, 46554.07
2010-12-20, 24549, 505735.69
2010-12-21, 26620, 547313.82
2010-12-22, 15936, 327414.63
2010-12-23, 29451, 602343.47
2010-12-24,6241, 127799.36
2010-12-27, 16701, 342749.66
2010-12-28, 28952, 597886.57
2010-12-29, 28640, 594442.55
2010-12-30, 22951, 476245.15
2010-12-31, 13356, 276488.79
2011-01-01,1773, 36801.01
2011-01-03, 28887, 600742.41
2011-01-04, 54961, 1134566.33
2011-01-05, 46140, 944397.32
2011-01-06, 41341, 843483.53
2011-01-07, 52027, 1057634.65
2011-01-08,99, 18337.27
2011-01-10, 29111, 594366.19
2011-01-11, 32867, 671177.26
2011-01-12, 35420, 723392.03
2011-01-13, 43763, 894632.23
2011-01-14, 45345, 920718.54
2011-01-15,2044, 41459.86
2011-01-17, 22019, 446859.34
2011-01-18, 33991, 692171.82
2011-01-19, 31930, 651407.11
2011-01-20, 52044, 1054403.53
2011-01-21, 44846, 900954.08
2011-01-22,2752, 55311.33
2011-01-24, 33559, 674562.23
2011-01-25, 47245, 938130.52
2011-01-27, 56709, 1128269.2
2011-01-28, 68498, 1357581.32
2011-01-29,6282, 125889.8
2011-01-31, 53157, 1065223.13
2011-02-01, 48641, 977829.06
2011-02-02, 32670, 655790.24
2011-02-03, 51815, 1042538.06
2011-02-04, 39783, 807280.07
2011-02-05,1868, 37869.21
2011-02-07, 25469, 514635.8
2011-02-08, 34304, 694690.83
2011-02-09, 32195, 655953.73
2011-02-10, 30669, 625779.06
2011-02-11, 34027, 694973.67
2011-02-12,2130, 43346.08
2011-02-14, 22082, 449207.4
2011-02-15, 27651, 566401.09
2011-02-16, 31636, 648807.86
2011-02-17, 24680, 506409.66
2011-02-18, 36864, 758796.63
2011-02-19,1824, 37520.78
2011-02-21, 28129, 583751.07
2011-02-22, 38500, 800231.1
2011-02-23, 34345, 715897.96
2011-02-24, 37041, 780775.75
2011-02-25, 32571, 681095.46
2011-02-26,2063, 43273
2011-02-28, 36232, 761117.45
2011-03-01, 32764, 687077.62
2011-03-02, 15878, 335946.72
2011-03-03, 49512, 1040504.99
2011-03-04, 35945, 753770.59
2011-03-05,2640, 55751.38
2011-03-07, 38045, 806486.04
2011-03-08, 32321, 681656.24
2011-03-09, 31802, 669268.09
2011-03-10, 40171, 842422.42
2011-03-11, 43438, 908218.35
2011-03-12,2401, 50395.29
2011-03-14, 27193, 571777.44
2011-03-15, 55960, 1161114.68
2011-03-16, 34219, 707917.27
2011-03-17, 30358, 627338.01
2011-03-18, 30318, 632620.01
2011-03-19,2442, 51005.15
2011-03-21, 25582, 537541.99
2011-03-22, 27794, 581880.41
2011-03-23, 27528, 577893.25
2011-03-24, 31802, 667617.49
2011-03-25, 31171, 650784.6
2011-03-26,2178, 45494.11
2011-03-28, 33873, 703239.94
2011-03-29, 27414, 568178.49
2011-03-30, 31171, 647667.32
2011-03-31, 35650, 744675.7
2011-04-01, 36468, 762272.55
2011-04-02,2454, 51137.09
2011-04-04, 19201, 402479.6
2011-04-05, 34433, 724557.35
2011-04-06, 25201, 534114.38
2011-04-07, 28160, 596746.03
2011-04-08, 27412, 583491.14
2011-04-09,4208, 90255.13
2011-04-11, 26009, 556654.82
2011-04-12, 34111, 726517.21
2011-04-13, 22958, 488801.12
2011-04-14, 21849, 468014.64
2011-04-15, 29935, 644419.24
2011-04-18, 44903, 974858.27
2011-04-19, 33530, 731383.57
2011-04-20, 30607, 668399.61
2011-04-21, 24674, 540041.17
2011-04-23,9194, 203198.84
2011-04-25, 39087, 863427.4
2011-04-26, 23546, 515823.87
2011-04-27, 28325, 623077.63
2011-04-28, 36934, 822659.32
2011-04-29, 36362, 814251.1
2011-04-30, 15349, 350147.82
2011-05-02, 49395, 1117128.57
2011-05-03, 48971, 1101208.71
2011-05-04, 44020, 982008.39
2011-05-05, 54321, 1196280.7
2011-05-06, 44631, 971342.02
2011-05-07,2321, 50884.84
2011-05-09, 29741, 654848.77
2011-05-10, 30665, 678761.93
2011-05-11, 41957, 927151.13
2011-05-12, 45998, 1007250.85
2011-05-13, 42080, 927804.36
2011-05-14,3020, 66590.96
2011-05-16, 31628, 696272.9
2011-05-17, 26953, 588477.66
2011-05-18, 27119, 595713.7
2011-05-19, 29518, 646243.93
2011-05-20, 47554, 1047740.19
2011-05-21,2575, 57264.41
2011-05-23, 36260, 807274.4
2011-05-24, 28031, 627655.99
2011-05-25, 30398, 684618.55
2011-05-26, 37490, 841541.95
2011-05-27, 28996, 652493.38
2011-05-28,2674, 60491.54
2011-05-30, 10965, 247581.72
2011-05-31, 30162, 681747.14
2011-06-01, 36764, 831484.12
2011-06-02, 29202, 660071.95
2011-06-03, 37556, 848793.73
2011-06-04,1309, 29600.12
2011-06-06, 24062, 546800.08
2011-06-07, 24244, 549403.43
2011-06-08, 21471, 484341.81
2011-06-09, 20242, 457277.79
2011-06-10, 28305, 638854.98
2011-06-11,49, 19151.46
2011-06-13, 24677, 554603.02
2011-06-14, 26047, 581355.57
2011-06-15, 33122, 742054.01
2011-06-16, 26631, 598981.58
2011-06-17, 24387, 549610.04
2011-06-18,1465, 33203.44
2011-06-20, 26149, 592548.06
2011-06-21, 18186, 412456.15
2011-06-22, 26404, 600268.99
2011-06-23, 45287, 1020894.95
2011-06-24, 40101, 895198.41
2011-06-25,1842, 40911.24
2011-06-27, 36289, 802898.93
2011-06-28, 24499, 542109.01
2011-06-29, 25537, 565488.91
2011-06-30, 35904, 791382.61
2011-07-01, 41041, 892944.25
2011-07-02,2412, 52358.3
2011-07-04,9576, 208287.04
2011-07-05, 31711, 693195.05
2011-07-06, 41721, 922346.74
2011-07-07, 33751, 748486.27
2011-07-08, 44393, 987979.42
2011-07-09,2508, 56114.88
2011-07-11, 42364, 952368.16
2011-07-12, 50239, 1134320.61
2011-07-13, 54836, 1253983.2
2011-07-14, 57214, 1316556.68
2011-07-15, 40921, 939517.3
2011-07-16,3801, 87997.14
2011-07-18, 43667, 1014077.35
2011-07-19, 49107, 1139834.4
2011-07-20, 54015, 1243112.8
2011-07-21, 51682, 1192721.01
2011-07-22, 40234, 927230.56
2011-07-23,1914, 44317.19
2011-07-25, 47080, 1098746.97
2011-07-26, 38415, 890307.94
2011-07-27, 50351, 1169141.51
2011-07-28, 43803, 1013790.71
2011-07-29, 58054, 1354373.49
2011-07-30,5583, 130334.02
2011-08-01, 49903, 1168594.02
2011-08-02, 46869, 1109639.75
2011-08-03, 59307, 1432443.69
2011-08-04, 74872, 1813823.72
2011-08-05, 62218, 1508704.1
2011-08-06, 12785, 314093.01
2011-08-08, 80946, 2029696.62
2011-08-09, 128501, 3311652.42
2011-08-10, 101602, 2637707.97
2011-08-11, 115632, 3016562.6
2011-08-12, 85728, 2205917.28
2011-08-13,3354, 86247.16
2011-08-16, 75285, 1966263.13
2011-08-17, 63954, 1684578.61
2011-08-18, 99933, 2685855.71
2011-08-19, 120188, 3323556.48
2011-08-20, 13337, 371993.98
2011-08-22, 114896, 3214519
2011-08-23, 127691, 3556795.67
2011-08-24, 135058, 3651526.13
2011-08-25, 149034, 3866524.76
2011-08-26, 115584, 3086541.24
2011-08-27, 16960, 469297.95
2011-08-29, 89102, 2403345.51
2011-08-30, 84853, 2299801.39
2011-08-31, 49515, 1347082.03
2011-09-01, 33026, 897920.41
2011-09-02, 80105, 2219360.13
2011-09-03, 15635, 435155.38
2011-09-05, 76554, 2161058.94
2011-09-06, 157361, 4454249.73
2011-09-07, 127225, 3479992.1
2011-09-08, 89852, 2489190.79
2011-09-09, 143969, 4035781.77
2011-09-10,6677, 187879.9
2011-09-12, 107909, 3028485.34
2011-09-13, 90421, 2532112.36
2011-09-14, 79743, 2250457.59
2011-09-15, 103027, 2857564.94
2011-09-16, 84630, 2326444.47
2011-09-17,5408, 150213.48
2011-09-19, 83367, 2333776.41
2011-09-20, 89435, 2492855.25
2011-09-21, 76030, 2138394.13
2011-09-22, 100280, 2802016.14
2011-09-23, 119915, 3262313.78
2011-09-24, 12399, 330551.1
2011-09-26, 134882, 3478472.89
2011-09-27, 74543, 1970299.07
2011-09-28, 77313, 2018429.11
2011-09-29, 76426, 1969535.02
2011-09-30, 63867, 1662427.76
2011-10-01,4986, 130667.17
2011-10-03, 45426, 1210402.72
2011-10-04, 70228, 1866310.25
2011-10-05, 63599, 1661455.66
2011-10-06, 27984, 739872.39
2011-10-07, 46053, 1218997.76
2011-10-08,2172, 57194.83
2011-10-10, 38006, 1010288.9
2011-10-11, 42460, 1136231.32
2011-10-12, 44429, 1193988.81
2011-10-13, 40989, 1096179.9
2011-10-14, 41293, 1106112.51
2011-10-15,1943, 52242.01
2011-10-17, 41661, 1118800.02
2011-10-18, 64335, 1707928.84
2011-10-19, 45843, 1216779.4
2011-10-20, 60252, 1585882.62
2011-10-21, 45172, 1202248.79
2011-10-22,2658, 71119.51
2011-10-24, 38812, 1041254
2011-10-25, 55230, 1492107.96
2011-10-26, 15803, 435081.97
2011-10-27, 49821, 1371640.44
2011-10-28, 37970, 1048882.79
2011-10-29,1200, 33117.61
2011-10-31, 39483, 1077179.59
2011-11-01, 62716, 1714635.23
2011-11-02, 49620, 1371989.71
2011-11-03, 61764, 1717789.57
2011-11-04, 38918, 1088354.62
2011-11-05,1471, 41091.31
2011-11-07, 32078, 907611.91
2011-11-08, 50173, 1436637.9
2011-11-09, 66375, 1919910.83
2011-11-10, 45445, 1304283.67
2011-11-11, 41182, 1183497.45
2011-11-12,2054, 59454.58
2011-11-14, 37926, 1099353.35
2011-11-15, 54414, 1580366.3
2011-11-16, 51380, 1492046.24
2011-11-17, 66154, 1901449.44
2011-11-18, 51073, 1462419.93
2011-11-19,1718, 49362.4
2011-11-21, 63281, 1814859.67
2011-11-22, 47055, 1349883.09
2011-11-23, 55731, 1597703.79
2011-11-24, 22980, 657501.35
2011-11-25, 52823, 1503273.82
2011-11-26,2234, 63587.14
2011-11-28, 46244, 1331112.55
2011-11-29, 43477, 1251146.52
2011-11-30, 75215, 2188813.77
2011-12-01, 37582, 1099342.34
2011-12-02, 33186, 969268.93
2011-12-03,1209, 35273.64
2011-12-05, 34771, 1013555.12
2011-12-06, 38772, 1119690.56
2011-12-07, 40824, 1190236.04
2011-12-08, 58036, 1696017.91
2011-12-09, 39078, 1138698.06
2011-12-10,1653, 48126.73
2011-12-12, 52685, 1521317.95
2011-12-13, 46062, 1331534.5
2011-12-14, 82347, 2343782.59
2011-12-15, 86208, 2390382.16
2011-12-16, 58791, 1613607.9
2011-12-17,3424, 94604.71
2011-12-19, 43212, 1194375.72
2011-12-20, 37967, 1055954.34
2011-12-21, 53023, 1480226.09
2011-12-22, 43715, 1211628.8
2011-12-23, 24183, 671800.69
2011-12-24,1327, 36902.04
2011-12-26,3625, 100699.5
2011-12-27, 19930, 551061.89
2011-12-28, 44707, 1229884.27
2011-12-29, 76366, 2051531.65
2011-12-30, 54487, 1484862.81
2011-12-31,2529, 69199.51
2012-01-02,6783, 185593.94
2012-01-03, 56177, 1552821.21
2012-01-04, 65624, 1820047.01
2012-01-05, 67421, 1870750.26
2012-01-06, 58517, 1628756.41
2012-01-07,1499, 41670.05
2012-01-09, 41352, 1144108.77
2012-01-10, 52158, 1438070.33
2012-01-11, 39051, 1080449.61
2012-01-12, 37206, 1032716.38
2012-01-13, 49861, 1371495.44
2012-01-14,2526, 69597.71
2012-01-16, 23523, 647864.07
2012-01-17, 52702, 1459429.49
2012-01-18, 51248, 1407942.89
2012-01-19, 42182, 1158620.46
2012-01-20, 47252, 1293696.29
2012-01-21,2750, 75750.91
2012-01-23, 36459, 1004520.61
2012-01-24, 32976, 905832.37
2012-01-25, 49224, 1348274
2012-01-27, 53259, 1490545.52
2012-01-28,2748, 77198.7
2012-01-30, 43516, 1224256.03
2012-01-31, 53570, 1520220.23
2012-02-01, 36172, 1029001.75
2012-02-02, 39009, 1109183.6
2012-02-03, 57177, 1615786.82
2012-02-04,4482, 125020.77
2012-02-06, 37983, 1061048.29
2012-02-07, 51610, 1449920.23
2012-02-08, 42158, 1194793.48
2012-02-09, 43395, 1231325.74
2012-02-10, 42969, 1212701.65
2012-02-11,1394, 39408.13
2012-02-13, 36752, 1034134.17
2012-02-14, 40868, 1147912.23
2012-02-15, 36368, 1024957.99
2012-02-16, 36042, 1014099.96
2012-02-17, 27760, 780994.69
2012-02-18,1187, 33356.07
2012-02-20,6334, 178350.29
2012-02-21, 39149, 1108686.08
2012-02-22, 36796, 1049846.22
2012-02-23, 41702, 1202599.75
2012-02-24, 38813, 1115662.46
2012-02-25,1640, 47051.59
2012-02-27, 35145, 1010101.71
2012-02-28, 38358, 1105808.03
2012-02-29, 80187, 2280014.67
2012-03-01, 55459, 1547438.61
2012-03-02, 34426, 964486.11
2012-03-03,1487, 41697.29
2012-03-05, 39427, 1103738.92
2012-03-06, 49097, 1371578.38
2012-03-07, 33523, 934715.37
2012-03-08, 16388, 458471.1
2012-03-09, 56224, 1567804.83
2012-03-10,1415, 39646.84
2012-03-12, 36958, 1035883.54
2012-03-13, 39821, 1110657.36
2012-03-14, 65405, 1804734.53
2012-03-15, 41877, 1153619.62
2012-03-16, 66677, 1857386.79
2012-03-17,1696, 47387.7
2012-03-19, 29357, 818661.1
2012-03-20, 34094, 949856.71
2012-03-21, 32565, 909318.42
2012-03-22, 36937, 1030396.7
2012-03-23, 29070, 815481.53
2012-03-24,1486, 41930.39
2012-03-26, 34556, 978759.85
2012-03-27, 33794, 959958.34
2012-03-28, 32367, 916811.77
2012-03-29, 31362, 887582.85
2012-03-30, 26974, 764388.45
2012-03-31,7366, 208344.97
2012-04-02, 27345, 777960.73
2012-04-03, 23630, 673395.91
2012-04-04, 44414, 1247480.02
2012-04-05, 12619, 354446.3
2012-04-07,2895, 81631.16
2012-04-09, 24282, 688259.95
2012-04-10, 38272, 1089511.71
2012-04-11, 26175, 749178.48
2012-04-12, 30077, 861771.42
2012-04-13, 36656, 1052881.58
2012-04-16, 30323, 865936.65
2012-04-17, 37569, 1070639.13
2012-04-18, 22412, 639582.62
2012-04-19, 38923, 1114606.51
2012-04-20, 24420, 699970.9
2012-04-21,1501, 43079.62
2012-04-23, 31631, 908264.97
2012-04-24, 28272, 816803.08
2012-04-25, 41945, 1207721.97
2012-04-26, 29243, 846898.53
2012-04-27, 23855, 693705.37
2012-04-28,1423, 41446.72
2012-04-30, 29696, 865119.72
2012-05-01, 18937, 553189.4
2012-05-02, 30889, 901854.63
2012-05-03, 33384, 974796.14
2012-05-04, 42932, 1252690.37
2012-05-05,1010, 29520.7
2012-05-07, 37512, 1087980.27
2012-05-08, 53003, 1524656.9
2012-05-09, 47449, 1356026.61
2012-05-10, 35861, 1020721.65
2012-05-11, 36974, 1049863.4
2012-05-12,1837, 52165.5
2012-05-14, 39975, 1130099.07
2012-05-15, 39591, 1113236.3
2012-05-16, 57168, 1602371.59
2012-05-17, 57081, 1618812.86
2012-05-18, 52203, 1506450.49
2012-05-19,3099, 90054.21
2012-05-21, 36778, 1070121.58
2012-05-22, 50268, 1461416.16
2012-05-23, 56849, 1648066.2
2012-05-24, 50127, 1456275.58
2012-05-25, 37055, 1069704.66
2012-05-26,1865, 54128.05
2012-05-28, 20571, 597275.56
2012-05-29, 51964, 1512126.63
2012-05-30, 64440, 1873111.27
2012-05-31, 60217, 1765461.15
2012-06-01, 82375, 2427438.85
2012-06-02,4957, 149190.48
2012-06-04, 36080, 1082200.21
2012-06-05, 31383, 942924.14
2012-06-06, 48034, 1450279.11
2012-06-07, 77742, 2306011.27
2012-06-08, 41631, 1222653.66
2012-06-09,1911, 56529.05
2012-06-11, 38120, 1131312.19
2012-06-12, 47552, 1420148.38
2012-06-13, 43568, 1309377.37
2012-06-14, 43015, 1296562.95
2012-06-15, 33806, 1019497.11
2012-06-16,1643, 49545.28
2012-06-18, 50014, 1509426.45
2012-06-19, 38789, 1176363.02
2012-06-20, 61049, 1842595.63
2012-06-21, 58004, 1741167.94
2012-06-22, 40199, 1202538.18
2012-06-23,2196, 65915.89
2012-06-25, 47218, 1413517.17
2012-06-26, 35310, 1061602.2
2012-06-27, 34274, 1027854.77
2012-06-28, 46010, 1372749.76
2012-06-29, 51117, 1515395.97
2012-06-30,2318, 68861.68
2012-07-02, 33008, 979596.62
2012-07-03, 40691, 1202887.93
2012-07-04, 26277, 776742.49
2012-07-05, 54649, 1624551.04
2012-07-06, 54883, 1628419.91
2012-07-07,1254, 37168.45
2012-07-09, 26923, 798015.7
2012-07-10, 50649, 1497003.52
2012-07-11, 47782, 1400021.26
2012-07-12, 48396, 1415826.88
2012-07-13, 39383, 1153739.68
2012-07-14,1382, 40510.22
2012-07-16, 34438, 1008535.81
2012-07-17, 50427, 1478305.34
2012-07-18, 43063, 1259432.43
2012-07-19, 40020, 1170622.1
2012-07-20, 34174, 999658.04
2012-07-21,1487, 43634.38
2012-07-23, 43762, 1286940.7
2012-07-24, 39412, 1164199.82
2012-07-25, 51585, 1537625.51
2012-07-26, 46561, 1390475.84
2012-07-27, 43143, 1290038.06
2012-07-28,1889, 56583.69
2012-07-30, 27059, 809847.31
2012-07-31, 46668, 1405146.69
2012-08-01, 44331, 1330935.33
2012-08-02, 40147, 1206335.9
2012-08-03, 37201, 1113402.02
2012-08-04,1052, 31451.94
2012-08-06, 23914, 716535.64
2012-08-07, 36112, 1079397.92
2012-08-08, 31019, 926257.06
2012-08-09, 23099, 691899.3
2012-08-10, 32906, 987586.23
2012-08-11,1136, 34129.21
2012-08-13, 28505, 859279.38
2012-08-14, 34699, 1043085.31
2012-08-16, 30154, 907897.34
2012-08-17, 27059, 816216
2012-08-18,42, 28426.5
2012-08-20, 12782, 385859.67
2012-08-21, 29677, 898068.8
2012-08-22, 32530, 988970.38
2012-08-23, 47986, 1473729.9
2012-08-24, 33294, 1026582.35
2012-08-25,3302, 102229.7
2012-08-27, 31176, 968436.17
2012-08-28, 37271, 1154004.83
2012-08-29, 35808, 1107190.3
2012-08-30, 29553, 911021.87
2012-08-31, 57484, 1777715.5
2012-09-01,6593, 206905.75
2012-09-03, 28151, 881324.69
2012-09-04, 41723, 1311146.03
2012-09-05, 36153, 1139177.53
2012-09-06, 66691, 2112513.48
2012-09-07, 69624, 2205705.91
2012-09-08,4873, 155712.72
2012-09-10, 33972, 1086333.34
2012-09-11, 26636, 850341.13
2012-09-12, 59389, 1899255.91
2012-09-13, 65812, 2109100.36
2012-09-14, 60913, 1956461.14
2012-09-15,2261, 72161.9
2012-09-17, 31919, 1017320.57
2012-09-18, 48626, 1546726.91
2012-09-19, 19375, 620935.98
2012-09-20, 35076, 1120022.32
2012-09-21, 59070, 1874332.25
2012-09-22,2492, 78631.54
2012-09-24, 42590, 1338101.13
2012-09-25, 33527, 1056208.49
2012-09-26, 49393, 1551675.32
2012-09-27, 50456, 1580075.56
2012-09-28, 44155, 1385856.64
2012-09-29,9211, 288997.33
2012-10-01, 50822, 1596424.75
2012-10-03, 32083, 1005911.68
2012-10-04, 37412, 1167506.38
2012-10-05, 43857, 1368177.69
2012-10-06,1406, 43819.72
2012-10-08, 30547, 954115.97
2012-10-09, 36471, 1143720.38
2012-10-10, 37938, 1192481.33
2012-10-11, 35908, 1127160.9
2012-10-12, 35315, 1107211.13
2012-10-13,1423, 44520.79
2012-10-15, 38983, 1212308.91
2012-10-16, 28784, 891891.57
2012-10-17, 28881, 898664.91
2012-10-18, 35316, 1104212.77
2012-10-19, 35873, 1124745.28
2012-10-20,1219, 38144.34
2012-10-22, 33153, 1030887.71
2012-10-23, 31623, 979788.38
2012-10-24, 14885, 460558.64
2012-10-25, 24645, 762244
2012-10-26, 20832, 645942.28
2012-10-27,1555, 48262.84
2012-10-29, 23311, 725023.6
2012-10-30, 28365, 882077.85
2012-10-31, 30932, 962596.83
2012-11-01, 34964, 1086189.78
2012-11-02, 56525, 1735286.24
2012-11-03,3726, 113759.37
2012-11-05, 42011, 1291334.19
2012-11-06, 45022, 1397858.66
2012-11-07, 63745, 1995417.55
2012-11-08, 35689, 1117663.09
2012-11-09, 44739, 1415334.2
2012-11-10,2289, 72511.86
2012-11-12, 36768, 1171420.46
2012-11-13,9246, 294124.09
2012-11-14, 22557, 715245.87
2012-11-15, 38227, 1206522.91
2012-11-16, 36466, 1151314.08
2012-11-17,1424, 45134.81
2012-11-19, 26563, 842406.84
2012-11-20, 34590, 1100798.84
2012-11-21, 26792, 852043.9
2012-11-22, 15306, 487960.96
2012-11-23, 48758, 1566823.01
2012-11-24,2845, 92152.94
2012-11-26, 41263, 1339317.66
2012-11-27, 39506, 1279613.42
2012-11-28, 42365, 1358525.15
2012-11-29, 60528, 1922487.38
2012-11-30, 57749, 1823941.31
2012-12-01,6001, 188479.32
2012-12-03, 35424, 1122568
2012-12-04, 44652, 1407639.39
2012-12-05, 42431, 1328822.82
2012-12-06, 57779, 1797468.03
2012-12-07, 47079, 1470333.63
2012-12-08,1821, 57053.25
2012-12-10, 27552, 867202.79
2012-12-11, 27306, 857239.76
2012-12-12, 40660, 1277396.36
2012-12-13, 41150, 1283623.76
2012-12-14, 27423, 856330.21
2012-12-15,1423, 44418.93
2012-12-17, 34412, 1076145.29
2012-12-18, 52202, 1635912.95
2012-12-19, 54706, 1690758.44
2012-12-20, 54613, 1678245.35
2012-12-21, 49761, 1529756.75
2012-12-22,1749, 54106.91
2012-12-24, 19224, 593533.22
2012-12-26, 25219, 775175.2
2012-12-27, 29504, 906886.21
2012-12-28, 24835, 763363.91
2012-12-29,1805, 55527.51
2012-12-31, 29117, 896805.75
2013-01-01,7527, 232794.57
2013-01-02, 54325, 1686874.21
2013-01-03, 32858, 1021779.81
2013-01-04, 49429, 1521428.8
2013-01-05,2898, 89744.97
2013-01-07, 37672, 1167532.07
2013-01-08, 31994, 990337.94
2013-01-09, 34895, 1079328.5
2013-01-10, 36457, 1125732.59
2013-01-11, 39385, 1216828
2013-01-12,1720, 53133.41
2013-01-14, 26662, 822117.65
2013-01-15, 33463, 1033925.72
2013-01-16, 27278, 844389.13
2013-01-17, 55760, 1715715.51
2013-01-18, 34229, 1051188.34
2013-01-19,2522, 77414.08
2013-01-21, 49756, 1533830.12
2013-01-22, 33751, 1041111.09
2013-01-23, 32396, 998552.03
2013-01-24, 41585, 1274915.49
2013-01-25, 32881, 1001709.14
2013-01-28, 38825, 1182698.75
2013-01-29, 39807, 1211782.62
2013-01-30, 60348, 1834947.63
2013-01-31, 64551, 1960985.05
2013-02-01, 50752, 1550181.81
2013-02-02,2813, 85686.6
2013-02-04, 33547, 1026863.93
2013-02-05, 42759, 1313065.52
2013-02-06, 31746, 973668.57
2013-02-07, 47367, 1457486.77
2013-02-08, 26636, 820333.53
2013-02-09,80, 30207.5
2013-02-11, 36673, 1126168.89
2013-02-12, 35053, 1072307.9
2013-02-13, 27169, 830892.5
2013-02-14, 35804, 1093835.13
2013-02-15, 51016, 1545849.23
2013-02-16,1590, 48060.34
2013-02-18, 21199, 640848.9
2013-02-19, 30581, 921778.4
2013-02-20, 54871, 1634178.1
2013-02-21, 64385, 1903090.87
2013-02-22, 38481, 1139696.07
2013-02-23,2383, 70646.59
2013-02-25, 31105, 921132.04
2013-02-26, 59229, 1767930.25
2013-02-27, 40542, 1211900.11
2013-02-28, 58296, 1733253.17
2013-03-01, 55184, 1637652.3
2013-03-02,1470, 43784.85
2013-03-04, 29012, 861546.88
2013-03-05, 40610, 1204850.07
2013-03-06, 44580, 1319013.31
2013-03-07, 44340, 1309446.11
2013-03-08, 53188, 1560053.45
2013-03-09,1095, 32212.24
2013-03-11, 27470, 807502.03
2013-03-12, 37593, 1107401.39
2013-03-13, 40218, 1187852.84
2013-03-14, 45360, 1334824.4
2013-03-15, 29023, 853395.97
2013-03-16,1299, 38250.85
2013-03-18, 50987, 1508899.35
2013-03-19, 43856, 1304325.89
2013-03-20, 31544, 940833.22
2013-03-21, 34123, 1016094.17
2013-03-22, 28308, 843205.6
2013-03-23,1319, 39365.11
2013-03-25, 49047, 1453195.45
2013-03-26, 26500, 784933.72
2013-03-27, 15848, 470870.04
2013-03-28, 31956, 951346.69
2013-03-30, 14582, 432982.42
2013-04-01, 26754, 798981.83
2013-04-02, 36136, 1077213.48
2013-04-03, 41452, 1219701.81
2013-04-04, 43244, 1266162.24
2013-04-05, 41093, 1213122.47
2013-04-06,2052, 61120.14
2013-04-08, 25589, 757904.32
2013-04-09, 31939, 945412.14
2013-04-10, 47412, 1397448
2013-04-11, 40413, 1179420.74
2013-04-12, 80103, 2298723.74
2013-04-13,9692, 270348.02
2013-04-15, 151257, 4002976.04
2013-04-16, 88523, 2279258.39
2013-04-17, 57623, 1478762.56
2013-04-18, 58755, 1507321.44
2013-04-19, 24827, 642885.86
2013-04-20,5673, 147579.89
2013-04-22, 50617, 1333727.29
2013-04-23, 61989, 1626879.62
2013-04-24, 24588, 648502.8
2013-04-25, 49054, 1313330.02
2013-04-26, 69205, 1879617.36
2013-04-27,3479, 94554.43
2013-04-29, 34800, 946166.93
2013-04-30, 44513, 1200896.71
2013-05-01, 32248, 857902.31
2013-05-02, 43885, 1175056.48
2013-05-03, 52016, 1405503.52
2013-05-04,2284, 61557.24
2013-05-06, 28121, 762539.29
2013-05-07, 48143, 1291593.09
2013-05-08, 43075, 1159000.46
2013-05-09, 37795, 1025031.23
2013-05-10, 61783, 1658638.69
2013-05-11,4101, 110710.53
2013-05-13, 46492, 1245681.87
2013-05-14, 50172, 1343316.01
2013-05-15, 73381, 1940378.99
2013-05-16, 63973, 1665347.72
2013-05-17, 59445, 1542685.52
2013-05-18,3397, 87789.4
2013-05-20, 65331, 1678618.58
2013-05-21, 58254, 1521194.13
2013-05-22, 77842, 2044095.05
2013-05-23, 59572, 1567335.37
2013-05-24, 39138, 1032508.33
2013-05-27, 15624, 412994.24
2013-05-28, 61631, 1627342.66
2013-05-29, 42496, 1128974.76
2013-05-30, 63757, 1720734.37
2013-05-31, 65907, 1791649.54
2013-06-01,4331, 116681.86
2013-06-03, 41484, 1127618.23
2013-06-04, 41491, 1126716.91
2013-06-05, 61857, 1697160.23
2013-06-06, 53822, 1491712.31
2013-06-07, 56130, 1557734.71
2013-06-08,1396, 38504.13
2013-06-10, 40322, 1121535.18
2013-06-11, 51374, 1435412.6
2013-06-12, 42403, 1178326.55
2013-06-13, 47015, 1313923.49
2013-06-14, 38087, 1055893.44
2013-06-15,1918, 53475.33
2013-06-17, 26004, 724146.36
2013-06-18, 43146, 1207910.59
2013-06-19, 30785, 860817.16
2013-06-20, 105683, 2884079.67
2013-06-21, 54756, 1470302.83
2013-06-22,1976, 53391.47
2013-06-24, 48429, 1295625.23
2013-06-25, 47098, 1254017.25
2013-06-26, 83641, 2179573.08
2013-06-27, 68015, 1759549.42
2013-06-28, 91518, 2304996.82
2013-06-29,3269, 83974.45
2013-07-01, 35112, 905115.5
2013-07-02, 31381, 817721.79
2013-07-03, 36169, 948141.02
2013-07-04, 16258, 425773.15
2013-07-05, 37528, 973587.65
2013-07-06,2251, 58556.04
2013-07-08, 24446, 636784.31
2013-07-09, 26237, 686835.39
2013-07-10, 25976, 678683.82
2013-07-11, 33149, 884122.44
2013-07-12, 25427, 676018.56
2013-07-13,1816, 48549.05
2013-07-15, 25900, 691669.58
2013-07-16, 26285, 696217.7
2013-07-17, 36027, 956083.98
2013-07-18, 25951, 689187.07
2013-07-19, 20857, 557072.96
2013-07-20,1231, 32897.86
2013-07-22, 33818, 923776.84
2013-07-23, 25695, 708508.14
2013-07-24, 33350, 916890.34
2013-07-25, 36695, 998670.75
2013-07-26, 33446, 915323.67
2013-07-27,5335, 147102.62
2013-07-29, 42074, 1172635.17
2013-07-30, 41621, 1177543.75
2013-07-31, 51006, 1444635.83
2013-08-01, 30662, 858655.14
2013-08-02, 31857, 884430.36
2013-08-03,1268, 35610.06
2013-08-05, 22581, 631408.5
2013-08-06, 24229, 672563.04
2013-08-07, 26568, 731473
2013-08-08, 24568, 680875.18
2013-08-09,9469, 264025.99
2013-08-10,13, 25475.39
2013-08-12, 29547, 844876.24
2013-08-13, 40322, 1166692.97
2013-08-14, 23075, 667862.35
2013-08-16, 30449, 923287.45
2013-08-17,2468, 75975.93
2013-08-19, 21179, 656025.27
2013-08-20, 30228, 929723.14
2013-08-21, 25990, 808821.2
2013-08-22, 31887, 1001415.12
2013-08-23, 29406, 924069.07
2013-08-24,2035, 64697.66
2013-08-26, 23062, 734838.59
2013-08-27, 34653, 1147608.31
2013-08-28, 44327, 1516314.86
2013-08-29, 32176, 1076641.45
2013-08-30, 31604, 1041603.47
2013-08-31,1651, 54386.13
2013-09-02, 14675, 480434
2013-09-03, 23896, 807410.03
2013-09-04, 30381, 1011158.47
2013-09-05, 28049, 910431.29
2013-09-06, 24973, 797282.95
2013-09-07,59, 21034.97
2013-09-09,7452, 236537.11
2013-09-10, 27065, 838800.15
2013-09-11, 19819, 608567.2
2013-09-12, 28543, 863205.36
2013-09-13, 24175, 719231.19
2013-09-14,2270, 68214.33
2013-09-16, 21986, 650682.32
2013-09-17, 28080, 839613.14
2013-09-18, 24377, 721591.63
2013-09-19, 28434, 863815.95
2013-09-20, 26461, 799580.21
2013-09-21,0
2013-09-23, 20053, 595749.13
2013-09-24, 18728, 556483.19
2013-09-25, 24587, 738092.55
2013-09-26, 23344, 699530.57
2013-09-27, 25799, 780453.14
2013-09-28,0
2013-09-30, 27704, 837876.72
2013-10-01, 24863, 731496.41
2013-10-03, 20994, 614768.45
2013-10-04, 17524, 511590.06
2013-10-05,0
2013-10-07, 13405, 393995.84
2013-10-08, 19362, 572404.19
2013-10-09, 20818, 609776.2
2013-10-10, 19777, 574922.07
2013-10-11, 23975, 684363.45
2013-10-12,0
2013-10-14, 17116, 492262.44
2013-10-15, 25489, 730272.33
2013-10-16, 10787, 311376.54
2013-10-17, 26036, 763824.31
2013-10-18, 19443, 575032.16
2013-10-19,0
2013-10-21, 13463, 400146.79
2013-10-22, 20548, 614110.02
2013-10-23, 14905, 449587.65
2013-10-24, 19815, 601964.18
2013-10-25, 18647, 570104.67
2013-10-26,0
2013-10-28, 17313, 535255.17
2013-10-29, 31702, 963156.33
2013-10-30, 19554, 590789.32
2013-10-31, 18192, 542855.39
2013-11-01, 15951, 476134.28
2013-11-02,0
2013-11-03,1821, 54390.72
2013-11-04,3985, 118729.7
2013-11-05, 12792, 378751.12
2013-11-06, 14787, 441997.26
2013-11-07, 24114, 723706.59
2013-11-08, 18463, 551155.35
2013-11-09,0
2013-11-11, 18791, 562538.32
2013-11-12, 18661, 564179.55
2013-11-13, 19651, 591327.6
2013-11-14, 16836, 509463.46
2013-11-15,5203, 157576.34
2013-11-16,0
2013-11-18, 15997, 482499.7
2013-11-19, 17028, 512430.27
2013-11-20, 21508, 650242.93
2013-11-21, 21181, 635824.7
2013-11-22, 19267, 579116.45
2013-11-23,0
2013-11-25, 20257, 603130.94
2013-11-26, 16686, 503082.34
2013-11-27, 20345, 610267.77
2013-11-28, 13223, 394344.27
2013-11-29, 20838, 620843.1
2013-11-30,0
2013-12-02, 14908, 433504.87
2013-12-03, 19291, 557768.84
2013-12-04, 23067, 673473.61
2013-12-05, 20085, 587528.06
2013-12-06, 22601, 657260.66
2013-12-07,0
2013-12-09, 13450, 389560.16
2013-12-10, 17649, 518623
2013-12-11, 18313, 540064.22
2013-12-12, 19050, 558036.64
2013-12-13, 17003, 497594.77
2013-12-14,0
2013-12-16, 24475, 709703.6
2013-12-17, 23348, 673186.31
2013-12-18, 17765, 510989.36
2013-12-19, 22442, 639505.73
2013-12-20, 19585, 556610.75
2013-12-21,0
2013-12-23, 12708, 360601.3
2013-12-24,9644, 273428.83
2013-12-26, 10418, 297618.24
2013-12-27, 12108, 344676.84
2013-12-28,0
2013-12-30, 10917, 309817.94
2013-12-31, 18880, 534062.59
2014-01-01,3472, 98241.09
2014-01-02, 17950, 516155.51
2014-01-03, 20481, 594395.75
2014-01-04,0
2014-01-06, 20948, 609056.32
2014-01-07, 18217, 526119.87
2014-01-08, 16955, 486977.95
2014-01-09, 15667, 450800.95
2014-01-10, 16343, 472258.69
2014-01-11,0
2014-01-13, 13643, 396549.17
2014-01-14, 10952, 319124.27
2014-01-15, 14423, 417227.05
2014-01-16, 13331, 386666.19
2014-01-17, 16096, 467811.93
2014-01-18,0
2014-01-20,9198, 269515.07
2014-01-21, 19322, 564249.49
2014-01-22, 13360, 389418.3
2014-01-23, 30313, 882065.45
2014-01-24, 20678, 605877.61
2014-01-25,0
2014-01-27, 15247, 451758.35
2014-01-28, 15877, 467590.43
2014-01-29, 21661, 637791.72
2014-01-30, 21616, 633730.06
2014-01-31, 21488, 623561.66
2014-02-01,0
2014-02-03, 13578, 391912.59
2014-02-04, 14960, 431149.06
2014-02-05, 18373, 530028.32
2014-02-06, 16231, 467071.83
2014-02-07, 16599, 477539.57
2014-02-08,0
2014-02-10, 13445, 389035.25
2014-02-11, 17105, 497398.42
2014-02-12, 13087, 380347.8
2014-02-13, 12849, 374349.7
2014-02-14, 13386, 392526.59
2014-02-15,0
2014-02-17, 23908, 712823.91
2014-02-18, 19938, 599755.16
2014-02-19, 20259, 606854.19
2014-02-20, 13083, 390699.61
2014-02-21, 10241, 305673.43
2014-02-22,0
2014-02-24, 11977, 360081.6
2014-02-25, 13402, 403734.17
2014-02-26, 18564, 558526.01
2014-02-27,7734, 232612.18
2014-02-28, 15132, 456291.11
2014-03-01,0
2014-03-03, 16761, 510302.12
2014-03-04, 24543, 742214.55
2014-03-05, 19912, 599800.13
2014-03-06, 20135, 604008.03
2014-03-07, 17035, 513152.08
2014-03-08,0
2014-03-10, 11241, 337358.88
2014-03-11, 20321, 611554.13
2014-03-12, 17710, 538115.41
2014-03-13, 14854, 451666.19
2014-03-14, 18530, 565705.52
2014-03-15,0
2014-03-17,4740, 144206.49
2014-03-18, 15070, 454326.38
2014-03-19, 16578, 498096.62
2014-03-20, 15748, 469054.02
2014-03-21, 13292, 395452.73
2014-03-22,0
2014-03-24, 15485, 454439.74
2014-03-25, 19716, 572557.93
2014-03-26, 19290, 553881.31
2014-03-27, 24481, 695075.45
2014-03-28, 21204, 599995.05
2014-03-29,0
2014-03-31, 19538, 553873.1
2014-04-01, 15359, 431158.82
2014-04-02, 16110, 450169
2014-04-03, 12801, 360194.2
2014-04-04, 14508, 409228.34
2014-04-07,9825, 277951.69
2014-04-08,7245, 206429.82
2014-04-09, 14366, 408850.5
2014-04-10, 14932, 428533.24
2014-04-11, 11622, 334181.65
2014-04-14,5257, 151956.68
2014-04-15, 19477, 556514.95
2014-04-16, 15607, 444652.88
2014-04-17, 11364, 324073.63
2014-04-21, 12120, 344224.83
2014-04-22, 15745, 450105.84
2014-04-23, 12595, 361988.05
2014-04-25, 16182, 467319.08
2014-04-28, 10822, 312934.65
2014-04-29, 16067, 462131
2014-04-30, 17721, 508513.65
2014-05-01,9274, 264925.98
2014-05-02, 16641, 476344.11
2014-05-05, 10548, 304967.9
2014-05-06, 10903, 314883.74
2014-05-07, 16209, 466930.21
2014-05-08, 11205, 319568.6
2014-05-09,9519, 271788.6
2014-05-12, 12463, 355978.15
2014-05-13, 10934, 311862.21
2014-05-14,7384, 211697.48
2014-05-15, 13844, 394508.04
2014-05-16, 12002, 336917.84
2014-05-19, 11252, 316569.64
2014-05-20, 11826, 332761.83
2014-05-21, 26476, 736072.25
2014-05-22, 21741, 592457.4
2014-05-23, 11260, 306537.8
2014-05-26,9322, 254396.71
2014-05-27, 21384, 578495.84
2014-05-28, 18039, 481751.07
2014-05-29, 23375, 618202.43
2014-05-30, 18486, 488023.4
2014-06-02, 11427, 296625.27
2014-06-03, 13287, 343144.26
2014-06-04, 10623, 275007.22
2014-06-05, 13356, 345660.45
2014-06-06, 11935, 308969.59
2014-06-09,8739, 226468.91
2014-06-10, 12351, 321935.8
2014-06-11, 13300, 346797.8
2014-06-12, 14968, 391153.49
2014-06-13, 13156, 348591.89
2014-06-16, 15490, 417111.18
2014-06-17, 17864, 477254.82
2014-06-18, 16261, 436366.01
2014-06-19, 23215, 630735.46
2014-06-20, 18780, 519226.24
2014-06-23, 12930, 357800.72
2014-06-24, 15614, 433136.3
2014-06-25, 15749, 436083.46
2014-06-26, 16859, 465829.85
2014-06-27, 11162, 309141.3
2014-06-30, 12052, 333256.26
2014-07-01, 12160, 338689.94
2014-07-02, 13853, 383089.97
2014-07-03, 15677, 431433.36
2014-07-04,9659, 265870.92
2014-07-07,9935, 272655.68
2014-07-08, 14873, 408963.42
2014-07-09, 12893, 356181.58
2014-07-10, 33653, 947427.4
2014-07-11, 16357, 463540.61
2014-07-14, 19726, 552063.59
2014-07-15, 19448, 540655.47
2014-07-16, 16733, 462799.3
2014-07-17, 25421, 711201.56
2014-07-18, 13270, 371949.32
2014-07-21, 11754, 330179.61
2014-07-22, 20611, 575552.56
2014-07-23, 14776, 412915.86
2014-07-24, 16664, 462457.33
2014-07-25, 12493, 346990.47
2014-07-28, 11778, 329304.75
2014-07-29,9820, 274544.37
2014-07-30, 16476, 458951.07
2014-07-31, 23595, 658697.29
2014-08-01, 17735, 498190.94
2014-08-04, 11875, 334364.77
2014-08-05, 12194, 342412.87
2014-08-06, 19790, 562888.85
2014-08-07, 15503, 444168.73
2014-08-08, 18404, 530668.37
2014-08-11,9118, 260884.15
2014-08-12, 13837, 397581.24
2014-08-13, 14511, 416170.37
2014-08-14, 15544, 445057.36
2014-08-18, 10166, 288132.25
2014-08-19, 11904, 336807.56
2014-08-20, 12050, 339901.43
2014-08-21, 19750, 551471.25
2014-08-22, 13517, 375819.02
2014-08-25,9894, 274778.56
2014-08-26, 14667, 409603.06
2014-08-27, 10201, 284089.6
2014-08-28, 16571, 464656.5
2014-08-29,5712, 159720
2014-09-01,5060, 141408.45
2014-09-02, 19044, 527415.01
2014-09-03, 17187, 472825.67
2014-09-04, 16886, 464641.11
2014-09-05, 14415, 395186.39
2014-09-08, 12287, 335373.72
2014-09-09, 16674, 454709.11
2014-09-10, 15971, 436188.33
2014-09-11, 21336, 577818.33
2014-09-12, 17320, 466191.04
2014-09-15, 16665, 449972.27
2014-09-16, 18258, 493227.72
2014-09-17, 11475, 309099.52
2014-09-18, 17363, 463140.23
2014-09-19, 18233, 484375.21
2014-09-22, 17037, 450736.51
2014-09-23, 19322, 515648.49
2014-09-24, 16300, 434206.18
2014-09-25, 22067, 587952.02
2014-09-26, 20773, 558977.15
2014-09-29, 14404, 387983.17
2014-09-30, 27212, 733009.26
2014-10-01, 20703, 557242.99
2014-10-03,8508, 226664.62
2014-10-06,6735, 179197.96
2014-10-07, 12776, 341639.79
2014-10-08, 14452, 388321.76
2014-10-09, 16322, 439897.31
2014-10-10, 13159, 354603.93
2014-10-13, 14801, 400713.53
2014-10-14, 17937, 487682.32
2014-10-16, 18466, 507583.2
2014-10-17, 14940, 408281.34
2014-10-20, 11485, 314400.18
2014-10-21, 13560, 373936.56
2014-10-22,9261, 254569.13
2014-10-23,4851, 132133.89
2014-10-24,3373, 91739.1
2014-10-27,9076, 246740.49
2014-10-28, 12915, 350931.01
2014-10-29, 11357, 307746.79
2014-10-30, 16888, 451578.93
2014-10-31, 26416, 690518.98
2014-11-03, 14893, 387721.31
2014-11-04, 10740, 279092.83
2014-11-05, 25816, 659080.91
2014-11-06,9311, 237172.71
2014-11-07, 29902, 763171.8
2014-11-10, 15725, 406864.17
2014-11-11, 19381, 496775.34
2014-11-12, 16851, 435646.14
2014-11-13, 19922, 514250.31
2014-11-14, 27679, 716981.88
2014-11-17, 17576, 464079.07
2014-11-18, 21190, 563521.36
2014-11-19, 27159, 723080.56
2014-11-20, 18668, 494949.44
2014-11-21, 19773, 524143.5
2014-11-24, 12255, 324820.08
2014-11-25, 18849, 499043.78
2014-11-26, 11953, 315720.36
2014-11-27, 15745, 414757.16
2014-11-28, 31740, 832698.77
2014-12-01, 31046, 812384.32
2014-12-02, 15588, 414373.06
2014-12-03, 13436, 358379.58
2014-12-04, 13296, 354575.63
2014-12-05, 16798, 444813.99
2014-12-08, 11051, 291587.64
2014-12-09, 23786, 638625.26
2014-12-10, 16974, 461702.27
2014-12-11, 16815, 456509.42
2014-12-12, 14689, 398829.93
2014-12-15, 15610, 425120.07
2014-12-16, 30589, 834773.9
2014-12-17, 16814, 455764.51
2014-12-18, 19035, 513720.16
2014-12-19, 12081, 325546.49
2014-12-22, 12615, 338412.7
2014-12-23, 11786, 313791.01
2014-12-24,7241, 192729.11
2014-12-26, 12876, 347022.01
2014-12-29,9420, 253552.35
2014-12-30, 15853, 426867.37
2014-12-31, 11066, 296936.47
2015-01-01,1915, 51164.89
2015-01-02, 19328, 514262.86
2015-01-05, 16375, 440309.13
2015-01-06, 21046, 573345.11
2015-01-07, 16066, 437526.67
2015-01-08, 16777, 450869.54
2015-01-09, 14339, 384049.67
2015-01-12, 16405, 442207.34
2015-01-13, 17814, 483554.65
2015-01-14, 18545, 501920.12
2015-01-15, 34051, 923591.52
2015-01-16, 20834, 574265.52
2015-01-19, 10403, 288319.55
2015-01-20, 22224, 621506.2
2015-01-21, 22037, 619079.68
2015-01-22, 23537, 658707.07
2015-01-23, 14210, 397388.63
2015-01-27, 20720, 575259.79
2015-01-28, 14991, 417573.48
2015-01-29, 25450, 704207.86
2015-01-30, 28495, 787798.06
2015-02-02, 14723, 408109.18
2015-02-03, 19595, 539773.3
2015-02-04, 15559, 427024.55
2015-02-05, 18018, 493601.21
2015-02-06, 20721, 561669.49
2015-02-09, 10221, 275144.36
2015-02-10, 11312, 304129.43
2015-02-11, 13319, 356611.55
2015-02-12, 16257, 432876.68
2015-02-13, 12814, 341946.53
2015-02-16,7031, 188312.45
2015-02-17, 13090, 345317.99
2015-02-18, 16312, 428018.07
2015-02-19, 16201, 427380.28
2015-02-20, 15798, 415414.4
2015-02-23, 18633, 487065.62
2015-02-24, 18413, 480696.91
2015-02-25, 16911, 443379.36
2015-02-26, 13897, 365165.1
2015-02-27, 13368, 350466.09
2015-02-28, 13008, 342629.97
2015-03-02, 14949, 398505.69
2015-03-03, 14226, 376794.27
2015-03-04, 14327, 379748
2015-03-05, 12362, 327929.37
2015-03-06, 13874, 363867.45
2015-03-09, 12150, 316720.36
2015-03-10, 22524, 583726.68
2015-03-11, 19570, 505132.87
2015-03-12, 22086, 567816.41
2015-03-13, 18861, 487252.78
2015-03-16, 14101, 364172.36
2015-03-17, 21343, 548126.71
2015-03-18, 16651, 426238.24
2015-03-19, 20347, 526995.84
2015-03-20, 17963, 467823.53
2015-03-23, 12001, 313856.19
2015-03-24, 14695, 386192.88
2015-03-25, 16156, 426309.81
2015-03-26, 20191, 541739.42
2015-03-27, 18781, 500412.93
2015-03-30, 20179, 532795.85
2015-03-31, 23761, 625566.96
2015-04-01, 16888, 447045.58
2015-04-02,9499, 252620.84
2015-04-06, 13285, 358516.49
2015-04-07,9853, 265114.34
2015-04-08, 11191, 300043.12
2015-04-09, 13315, 353438.38
2015-04-10, 13871, 370322.33
2015-04-13, 11186, 298904.4
2015-04-14,9434, 250067.74
2015-04-15, 13525, 359350.55
2015-04-16, 13769, 368011.34
2015-04-17, 11518, 308303.76
2015-04-20, 12510, 336239.11
2015-04-21, 10272, 275965.36
2015-04-22, 14246, 381913.92
2015-04-23, 12312, 329788.59
2015-04-24, 15488, 415306.19
2015-04-27, 16470, 442855.76
2015-04-28, 13704, 371369
2015-04-29, 13347, 362758.03
2015-04-30, 19756, 533124.51
2015-05-01,8084, 215066.99
2015-05-04,7829, 210210.35
2015-05-05, 14326, 385348.42
2015-05-06, 13342, 359491.92
2015-05-07, 15046, 405482.53
2015-05-08, 13876, 373307.36
2015-05-11, 13761, 369768.89
2015-05-12, 20394, 552139.48
2015-05-13, 22079, 601942.49
2015-05-14, 15866, 435984.94
2015-05-15, 14552, 398641.67
2015-05-18, 11814, 326464.84
2015-05-19, 18197, 499023.07
2015-05-20, 12225, 333457.13
2015-05-21, 13262, 360906.1
2015-05-22, 12609, 342791.07
2015-05-25,6129, 166417.31
2015-05-26, 15295, 413420.26
2015-05-27, 12572, 338500.82
2015-05-28, 14112, 379239.15
2015-05-29, 14705, 396074.63
2015-06-01, 16599, 449068.94
2015-06-02, 10519, 285155.13
2015-06-03, 11604, 314755.4
2015-06-04, 15836, 427170.54
2015-06-05, 14423, 385592.45
2015-06-08,9067, 242987.29
2015-06-09, 12004, 322294.98
2015-06-10, 10945, 295085.52
2015-06-11, 11337, 304858.67
2015-06-12,9151, 246386.53
2015-06-15, 13261, 356881.53
2015-06-16,9976, 269143.56
2015-06-17,8734, 234697.83
2015-06-18, 14597, 395597.2
2015-06-19,8928, 242087.89
2015-06-22, 12099, 324994.45
2015-06-23, 12859, 343312.68
2015-06-24, 11881, 315770.31
2015-06-25,9662, 256313.11
2015-06-26, 12947, 343209.12
2015-06-29, 14208, 380011.07
2015-06-30, 15930, 422624.62
2015-07-01, 10204, 269989.46
2015-07-02, 14038, 368434.82
2015-07-03,8339, 219305.89
2015-07-06, 10458, 274925.96
2015-07-07, 17330, 452831.36
2015-07-08, 16698, 434925.8
2015-07-09, 13010, 340129.48
2015-07-10,9881, 257912.04
2015-07-13, 11230, 292221.26
2015-07-14, 10782, 279951.59
2015-07-15, 11945, 309207.14
2015-07-16, 10970, 282583.32
2015-07-17, 14073, 360577.55
2015-07-20, 21248, 532461.98
2015-07-21, 16739, 417722.69
2015-07-22, 21128, 521329.02
2015-07-23, 19895, 493795.69
2015-07-24, 24183, 594477.11
2015-07-27, 26312, 656014.54
2015-07-28, 18240, 452138.9
2015-07-29, 17666, 438036.29
2015-07-30, 23962, 592799.69
2015-07-31, 26370, 653185.24
2015-08-03, 11239, 280184.22
2015-08-04, 11638, 288784.56
2015-08-05, 12448, 307807.33
2015-08-06, 11757, 290834.45
2015-08-07, 20416, 507276.32
2015-08-10, 17090, 427774.25
2015-08-11, 20294, 514109.81
2015-08-12, 21689, 559555.82
2015-08-13, 14445, 374407.34
2015-08-14, 14415, 372457.28
2015-08-17, 11289, 293384.29
2015-08-18, 18004, 468037.64
2015-08-19, 19645, 512282.46
2015-08-20, 23393, 622017.06
2015-08-21, 28457, 771264.13
2015-08-24, 26566, 729726.96
2015-08-25, 24479, 660167.73
2015-08-26, 28602, 758578.83
2015-08-27, 15872, 418139.64
2015-08-28, 15913, 422485.14
2015-08-31, 11292, 301010.75
2015-09-01, 17779, 477627.36
2015-09-02, 18115, 484122.12
2015-09-03, 15822, 418971.31
2015-09-04, 18713, 496423.56
2015-09-07,6623, 175869.21
2015-09-08,9862, 260960.57
2015-09-09, 12915, 339056.87
2015-09-10, 16264, 425548.77
2015-09-11, 13921, 362775.89
2015-09-14, 10366, 269946.76
2015-09-15, 12528, 325916.2
2015-09-16, 20197, 528575.68
2015-09-17,6071, 159071.73
2015-09-18, 18037, 477369.62
2015-09-21, 12625, 333640.22
2015-09-22, 19073, 501941.02
2015-09-23, 15295, 403245.46
2015-09-24, 22789, 610287.26
2015-09-25, 10993, 294031.34
2015-09-28, 18191, 482953.13
2015-09-29, 20920, 551668.95
2015-09-30, 29915, 780207.24
2015-10-01, 12802, 333242.64
2015-10-05, 15632, 412455.96
2015-10-06, 16190, 430068.21
2015-10-07, 17657, 469622.11
2015-10-08, 14704, 389016.19
2015-10-09, 15263, 405845.75
2015-10-12, 15006, 402579.56
2015-10-13, 17836, 478845.83
2015-10-14, 21138, 572990.61
2015-10-15, 21419, 583605.77
2015-10-16, 11872, 322205.36
2015-10-19, 10614, 286408.81
2015-10-20, 16065, 434921.53
2015-10-21, 12711, 344163.84
2015-10-22,7639, 205598.6
2015-10-23, 18739, 504326.77
2015-10-26, 11612, 311717.26
2015-10-27, 10339, 277775.54
2015-10-28, 14678, 397190.86
2015-10-29, 19761, 528679.4
2015-10-30, 14239, 377919.17
2015-11-02, 10133, 268203.38
2015-11-03, 22050, 578609.48
2015-11-04, 15959, 413692.88
2015-11-05, 16497, 425905.71
2015-11-06, 19100, 490261.48
2015-11-09, 12254, 314900.2
2015-11-10, 10872, 278588.76
2015-11-11,2423, 61801.85
2015-11-12, 10948, 277842.45
2015-11-13, 10893, 276781.44
2015-11-16, 17696, 452142.55
2015-11-17, 18750, 472388.62
2015-11-18, 12692, 318484.93
2015-11-19, 17402, 439554.66
2015-11-20, 15722, 398682.11
2015-11-23, 14786, 372077.36
2015-11-24, 13742, 347323.33
2015-11-25,7555, 190543.7
2015-11-26,9198, 232810.28
2015-11-27, 19692, 495640.9
2015-11-30, 17632, 442195.13
2015-12-01, 17292, 438090.71
2015-12-02, 14760, 371858.74
2015-12-03, 18431, 462140.49
2015-12-04, 24455, 622424.64
2015-12-07,9246, 236964.1
2015-12-08, 14798, 377105.28
2015-12-09, 15965, 408524.43
2015-12-10, 10518, 267822.93
2015-12-11, 18831, 479511.75
2015-12-14, 13788, 351358.37
2015-12-15, 13951, 352985.85
2015-12-16, 14022, 355547.41
2015-12-17, 22012, 551025.55
2015-12-18, 17140, 428452.14
2015-12-21, 15555, 392858.83
2015-12-22, 12148, 307586.04
2015-12-23, 12134, 305193.21
2015-12-24,5323, 134001.32
2015-12-28,8117, 204160.45
2015-12-29, 11090, 279462.99
2015-12-30, 12686, 318306.66
2015-12-31,8401, 209442.1
2016-01-01,1985, 49567.29
2016-01-04, 20426, 517082.77
2016-01-05, 14632, 371804.76
2016-01-06, 22678, 581346.66
2016-01-07, 23524, 611297.99
2016-01-08, 22730, 589572.76
2016-01-11, 17277, 449038.57
2016-01-12, 18134, 467599.21
2016-01-13, 16125, 413147.05
2016-01-14, 18704, 483684.81
2016-01-15, 21345, 554381.61
2016-01-18, 10104, 263119.38
2016-01-19, 15160, 393804.18
2016-01-20, 25476, 671397.55
2016-01-21, 23871, 628546.26
2016-01-22, 16042, 419979.24
2016-01-25, 14596, 384744.68
2016-01-27, 14938, 399547.35
2016-01-28, 18517, 495500.58
2016-01-29, 20573, 547616.02
2016-02-01, 13665, 366873.56
2016-02-02, 11696, 315333.23
2016-02-03, 18481, 501424.23
2016-02-04, 15506, 423702.05
2016-02-05, 21460, 588910.79
2016-02-08, 23592, 661954.94
2016-02-09, 22140, 628014.57
2016-02-10, 21372, 602747.02
2016-02-11, 35734, 1049582.76
2016-02-12, 20404, 602603.65
2016-02-15, 16727, 481650.7
2016-02-16, 23461, 676113.32
2016-02-17, 16674, 481561.99
2016-02-18, 18489, 535619.08
2016-02-19, 19726, 581310.39
2016-02-22, 21251, 615963.9
2016-02-23, 20967, 613147.65
2016-02-24, 26926, 796853.44
2016-02-25, 23720, 702820.61
2016-02-26, 25839, 762166.98
2016-02-29, 25612, 757746.37
2016-03-01, 24669, 729125.9
2016-03-02, 22369, 653641.16
2016-03-03, 18075, 531945.25
2016-03-04, 34047, 1014607.45
2016-03-07,9363, 279068.84
2016-03-08, 25155, 754666.86
2016-03-09, 23283, 688094.42
2016-03-10, 34705, 1023729.36
2016-03-11, 20830, 618961.51
2016-03-14, 19011, 559127.99
2016-03-15, 20995, 610063.46
2016-03-16, 14504, 421213.78
2016-03-17, 23268, 685971.28
2016-03-18, 17025, 497792.44
2016-03-21, 18422, 533626.31
2016-03-22, 21194, 617889.23
2016-03-23, 21339, 613391.42
2016-03-24,4634, 132701.15
2016-03-28, 11533, 328266.84
2016-03-29, 21347, 609999.31
2016-03-30, 21834, 625955.38
2016-03-31, 19760, 565837.69
2016-04-01, 21128, 604324.28
2016-04-04, 11468, 325476.24
2016-04-05, 19833, 570268
2016-04-06, 13426, 385412.89
2016-04-07, 22219, 643016.54
2016-04-08, 16171, 468652.07
2016-04-11, 16682, 488348.21
2016-04-12, 16043, 471158.58
2016-04-13, 15222, 444024.55
2016-04-14, 10896, 314948.27
2016-04-15,7207, 208376.28
2016-04-18, 14142, 411083.7
2016-04-19, 10445, 305843.52
2016-04-20, 14347, 420269.04
2016-04-21, 25012, 737529.77
2016-04-22, 16254, 475799.18
2016-04-25, 14575, 425388.09
2016-04-26, 16012, 466831.61
2016-04-27, 16322, 478919.35
2016-04-28, 18460, 545488.67
2016-04-29, 23861, 717859.42
2016-05-02, 17594, 534473.03
2016-05-03, 22980, 696259.82
2016-05-04, 22051, 664265.92
2016-05-05, 19412, 583422.4
2016-05-06, 25435, 769179.29
2016-05-09, 18612, 558100.11
2016-05-10, 15099, 449457.95
2016-05-11, 16349, 490173.49
2016-05-12, 17495, 522946.62
2016-05-13, 17297, 517989.15
2016-05-16, 15941, 480373.15
2016-05-17, 17239, 517449.97
2016-05-18, 14485, 434735.09
2016-05-19, 17539, 521676.44
2016-05-20, 14110, 420209.45
2016-05-23, 11785, 349676.27
2016-05-24, 20134, 594270.67
2016-05-25, 18837, 546887.42
2016-05-26, 19611, 568180.56
2016-05-27, 16895, 485197.33
2016-05-30, 16215, 463636.98
2016-05-31, 17870, 514441.89
2016-06-01, 15584, 451784.48
2016-06-02, 12624, 365218.55
2016-06-03, 19094, 557629.74
2016-06-06, 12712, 374157.6
2016-06-07, 14127, 414178.7
2016-06-08, 16383, 484446.98
2016-06-09, 17668, 526039.31
2016-06-10, 17738, 531527.85
2016-06-13, 17789, 540191.3
2016-06-14, 20064, 610808.02
2016-06-15, 16151, 491365.44
2016-06-16, 31457, 974355.93
2016-06-17, 20394, 621451.05
2016-06-20, 19286, 588779.54
2016-06-21, 21519, 654480.27
2016-06-22, 17193, 518425.02
2016-06-23, 24202, 725949.18
2016-06-24, 46243, 1458445.65
2016-06-27, 22049, 696760.92
2016-06-28, 22899, 716649.79
2016-06-29, 19831, 621788.35
2016-06-30, 18535, 578617.71
2016-07-01, 18211, 573859.44
2016-07-04, 17173, 546131.3
2016-07-05, 22194, 705310.55
2016-07-06, 12272, 395521.66
2016-07-07, 20886, 667975.41
2016-07-08, 24460, 775003.69
2016-07-11, 12575, 398660.48
2016-07-12, 19831, 622234.05
2016-07-13, 14510, 453425.99
2016-07-14, 25391, 785943.35
2016-07-15, 20822, 645473.05
2016-07-18, 17002, 527332.09
2016-07-19, 14595, 453343.41
2016-07-20, 19422, 600182.25
2016-07-21, 19907, 614403.94
2016-07-22, 14093, 435583.91
2016-07-25, 15189, 468146.82
2016-07-26, 16921, 523016.48
2016-07-27, 15772, 487768.2
2016-07-28, 23148, 723738.54
2016-07-29, 32238, 1009976.03
2016-08-01, 11142, 351132.39
2016-08-02, 15532, 492514.77
2016-08-03, 15777, 501977.69
2016-08-04, 15650, 496471.67
2016-08-05, 19444, 612542.66
2016-08-08, 11360, 353676.62
2016-08-09, 15491, 482896.63
2016-08-10, 14723, 463197.91
2016-08-11, 14752, 462846.87
2016-08-12, 19818, 620953.84
2016-08-16, 17341, 544913.18
2016-08-17, 10852, 340365.63
2016-08-18, 11777, 370496.77
2016-08-19, 16092, 505655.37
2016-08-22, 12937, 404940.91
2016-08-23, 13896, 435802.38
2016-08-24, 16562, 516834.95
2016-08-25, 12083, 374203.41
2016-08-26, 18791, 584035.13
2016-08-29, 10157, 314787.14
2016-08-30, 16129, 499096.09
2016-08-31, 13337, 410411.9
2016-09-01, 13792, 423930.37
2016-09-02, 19728, 609048.84
2016-09-05,2066, 63982.58
2016-09-06, 14066, 437673.59
2016-09-07, 11654, 365419.94
2016-09-08, 11661, 365013.04
2016-09-09, 10324, 322300.4
2016-09-12, 13527, 420766.58
2016-09-13,8130, 252880.11
2016-09-14, 10588, 328790.8
2016-09-15, 14669, 454555.3
2016-09-16, 10549, 325630.69
2016-09-19, 10268, 317549.08
2016-09-20, 11038, 341651.74
2016-09-21, 14026, 436437.21
2016-09-22, 15723, 491783.97
2016-09-23, 10589, 331293.27
2016-09-26,9546, 298811.56
2016-09-27, 16103, 501147.9
2016-09-28, 12507, 387372.53
2016-09-29, 17182, 534338.8
2016-09-30, 20506, 638200.53
2016-10-03,9742, 301102.02
2016-10-04, 19697, 600353.94
2016-10-05, 14096, 422575.11
2016-10-06, 13593, 404609.45
2016-10-07, 20100, 595680.05
2016-10-10,9212, 273735.49
2016-10-11,4322, 128393.72
2016-10-12,5055, 149986.99
2016-10-13, 12938, 385487.9
2016-10-14, 14679, 434956.79
2016-10-17, 11284, 334827.59
2016-10-18, 13552, 403451.81
2016-10-19, 11689, 349366.49
2016-10-20, 13032, 390451.93
2016-10-21, 12276, 367084.67
2016-10-24, 17502, 521767.95
2016-10-25, 12634, 377289.29
2016-10-26, 11067, 331044.3
2016-10-27,8662, 259003.81
2016-10-28, 12113, 362453.92
2016-10-30,1371, 41201.89
2016-10-31,3356, 100562.54
2016-11-01,9475, 285937.9
2016-11-02, 13101, 399503.93
2016-11-03, 16769, 509883.27
2016-11-04, 12722, 388279.55
2016-11-07, 13386, 404097.91
2016-11-08, 20135, 604899.94
2016-11-09, 31140, 952990
2016-11-10, 15837, 475080.73
2016-11-11, 18109, 537178.85
2016-11-14, 10400, 305655.56
2016-11-15, 11739, 344114.69
2016-11-16,7819, 229673.99
2016-11-17,8421, 246645.48
2016-11-18, 10458, 302333.3
2016-11-21,6499, 188980.2
2016-11-22,5894, 171883.24
2016-11-23, 11784, 341195.64
2016-11-24,6783, 194722.16
2016-11-25, 11635, 332014.3
2016-11-28,8280, 238043.74
2016-11-29,9842, 281853.47
2016-11-30, 13746, 391294.61
2016-12-01,8188, 229755.61
2016-12-02,7394, 207675.41
2016-12-05,8734, 244269.23
2016-12-06,5926, 165522.89
2016-12-07,6982, 194874.38
2016-12-08,6085, 169359.84
2016-12-09,7105, 196649.49
2016-12-12,4682, 128963.13
2016-12-13,5521, 152127.14
2016-12-14,5202, 143642.76
2016-12-15, 10965, 297097.84
2016-12-16,8719, 236422.07
2016-12-19,4963, 135104.65
2016-12-20,7429, 201331.34
2016-12-21,7503, 203272.14
2016-12-22,7136, 192371.14
2016-12-23,4358, 117493.71
2016-12-26,1742, 46981.58
2016-12-27,7479, 203554.09
2016-12-28,5247, 143122.75
2016-12-29,7387, 202727.86
2016-12-30,6489, 178719.72
2017-01-02,2650, 72936.83
2017-01-03, 11173, 308467.46
2017-01-04,7475, 207227.11
2017-01-05,9896, 275921.2
2017-01-06,8594, 239651.7
2017-01-09,6977, 194956.58
2017-01-10,8681, 244082.44
2017-01-11, 10929, 308353
2017-01-12, 10254, 291484.38
2017-01-13,8561, 242633.05
2017-01-16,5734, 163644.02
2017-01-17, 10196, 292629.91
2017-01-18,7496, 215531.89
2017-01-19,9594, 274038.1
2017-01-20,8522, 243854.43
2017-01-23,9842, 283338.47
2017-01-24,6919, 198887.12
2017-01-25, 10189, 290364.75
2017-01-27, 11118, 313486.15
2017-01-30, 14494, 411762.92
2017-01-31, 17842, 512110.13
2017-02-01, 16674, 480284.4
2017-02-02, 11684, 338116.73
2017-02-03,9205, 265541.12
2017-02-06, 10099, 293602.37
2017-02-07, 10388, 304147.38
2017-02-08,9925, 291163.47
2017-02-09, 13239, 387079.78
2017-02-10,9665, 280619.61
2017-02-13,7342, 213444.01
2017-02-14, 10615, 308633.09
2017-02-15, 11200, 324996.45
2017-02-16, 11183, 327794.99
2017-02-17,9306, 273410.56
2017-02-20,6133, 179399.36
2017-02-21, 11714, 341944.63
2017-02-22,9216, 269603.86
2017-02-23, 10572, 310313.56
2017-02-24,5350, 158344.84
2017-02-27,8352, 247558.31
2017-02-28,9021, 266709.99
2017-03-01, 10181, 299096.67
2017-03-02, 10833, 317331.29
2017-03-03, 10301, 299400.43
2017-03-06,8811, 256121.87
2017-03-07,9868, 284672
2017-03-08,9631, 276153.53
2017-03-09, 10529, 300088.01
2017-03-10,9971, 282539.87
2017-03-13,3246, 91746.58
2017-03-14,8389, 236229.96
2017-03-15,8843, 247367.99
2017-03-16, 11957, 340034.13
2017-03-17,6680, 190325.47
2017-03-20,7074, 201899.02
2017-03-21, 12576, 359440.51
2017-03-22, 10692, 308650.66
2017-03-23, 10676, 308059.66
2017-03-24,7095, 204185.9
2017-03-27,7163, 206871.41
2017-03-28,8228, 237278.23
2017-03-29,8632, 247709.84
2017-03-30,9174, 263028.48
2017-03-31, 10392, 297026.42
2017-04-03,7642, 219922.37
2017-04-04,5794, 168339.7
2017-04-05,8188, 236409.22
2017-04-06,8286, 238764.15
2017-04-07, 12355, 356553.81
2017-04-10,8149, 233959.9
2017-04-11, 12468, 361253.75
2017-04-12,9255, 270594.11
2017-04-13,9400, 275920.34
2017-04-17,9221, 271376.41
2017-04-18, 12131, 356372.05
2017-04-19,9245, 271017.87
2017-04-20,8681, 254007.32
2017-04-21,8263, 242346.76
2017-04-24, 11188, 325304.04
2017-04-25, 10541, 304777.9
2017-04-26,9341, 268340.53
2017-04-27,7846, 225751.1
2017-04-28,6604, 190528.57
2017-05-01,5497, 158084.8
2017-05-02,7412, 211989.57
2017-05-03,8787, 250624.76
2017-05-04, 11337, 319239.04
2017-05-05, 10098, 284391.83
2017-05-08,7971, 224209.92
2017-05-09, 11050, 310237.82
2017-05-10,7570, 212479.14
2017-05-11,9146, 256089.38
2017-05-12,8068, 226304.23
2017-05-15, 10225, 287000.1
2017-05-16,8046, 226058.2
2017-05-17, 12922, 367143.52
2017-05-18, 18341, 528472.1
2017-05-19, 10076, 288775.07
2017-05-22,8475, 243262.36
2017-05-23, 10835, 312804.44
2017-05-24,8371, 240272.22
2017-05-25,8345, 239591.9
2017-05-26,9479, 273294.09
2017-05-29,5499, 158905.16
2017-05-30, 11347, 327747.08
2017-05-31, 10733, 309531.8
2017-06-01,8268, 239099.58
2017-06-02,8911, 258123.22
2017-06-05,6988, 204261.19
2017-06-06, 10913, 321592.09
2017-06-07,9589, 282657.03
2017-06-08, 11625, 339773.57
2017-06-09,9287, 269421.76
2017-06-12,9006, 261072.24
2017-06-13,8466, 244672.63
2017-06-14,9865, 285949.5
2017-06-15, 10613, 305576.45
2017-06-16,6750, 193985.43
2017-06-19,7760, 221891.73
2017-06-20,8463, 241511.87
2017-06-21,8533, 243769.74
2017-06-22,7437, 213333.86
2017-06-23,7271, 209006.64
2017-06-26,5456, 155223.97
2017-06-27,9795, 279880.64
2017-06-28, 10094, 289115.67
2017-06-29, 10873, 310307.61
2017-06-30,9311, 265208.41
2017-07-03, 13498, 381445.3
2017-07-04,8083, 227448.65
2017-07-05, 12094, 339911.01
2017-07-06,8688, 244433.01
2017-07-07, 14101, 393871.4
2017-07-10, 11316, 313521.39
2017-07-11,9166, 254416.06
2017-07-12,9534, 265977.79
2017-07-13,7770, 216649.07
2017-07-14, 10589, 295663.71
2017-07-17,9089, 255261.43
2017-07-18,9521, 268629.78
2017-07-19,8608, 242943.33
2017-07-20, 11097, 313442.95
2017-07-21,8295, 235782.01
2017-07-24,7621, 217654.08
2017-07-25,9860, 280971.1
2017-07-26,8620, 244524.41
2017-07-27, 11768, 335965.53
2017-07-28, 11988, 342862.25
2017-07-31, 15685, 449584.26
2017-08-01, 11609, 333293.31
2017-08-02, 11639, 332740.78
2017-08-03,8443, 240434.77
2017-08-04,9943, 283324.13
2017-08-07,5427, 154189.5
2017-08-08,8723, 247994.9
2017-08-09, 10851, 311579.51
2017-08-10, 11656, 338768.63
2017-08-11, 11298, 329970.31
2017-08-14,7869, 228889.39
2017-08-16,9938, 287095.15
2017-08-17,9414, 274470.91
2017-08-18, 13666, 400077.69
2017-08-21, 10029, 292694.43
2017-08-22, 10171, 296277.01
2017-08-23,8411, 245137.23
2017-08-24,7768, 226114.82
2017-08-25,7932, 230801.28
2017-08-28, 11075, 324782.73
2017-08-29, 13460, 401013.47
2017-08-30, 10691, 315943.63
2017-08-31, 10687, 316062.03
2017-09-01,9936, 295891.89
2017-09-04,9148, 275707.28
2017-09-05, 12450, 375103.48
2017-09-06,9282, 280299.44
2017-09-07, 11130, 336147.59
2017-09-08, 11029, 334824.15
2017-09-11,8027, 240962
2017-09-12,8572, 256205.13
2017-09-13, 10011, 299826.53
2017-09-14, 11461, 342541.99
2017-09-15,9999, 299265.79
2017-09-18,9783, 290224.65
2017-09-19,9108, 269781.93
2017-09-20,8487, 252520.9
2017-09-21, 12342, 364552.18
2017-09-22,9149, 271232.41
2017-09-25, 11159, 332354.41
2017-09-26, 12410, 372488.38
2017-09-27, 10798, 321784.81
2017-09-28, 10665, 316112.74
2017-09-29, 13837, 410464.6
2017-10-03,6017, 177479.13
2017-10-04,7574, 223250.98
2017-10-05,5962, 175480.93
2017-10-06, 10487, 308628.5
2017-10-09,5965, 177242.79
2017-10-10,7185, 214199.42
2017-10-11,6223, 185284.22
2017-10-12,7007, 209031.74
2017-10-13,8319, 247993.03
2017-10-16,6451, 192938.11
2017-10-17,7966, 236457.12
2017-10-18,4961, 146801.41
2017-10-19,1682, 49894
2017-10-20,2811, 83156.27
2017-10-23,6913, 203720.75
2017-10-24,6576, 194139.21
2017-10-25,9113, 267894.97
2017-10-26,8496, 249440.18
2017-10-27,7547, 220867.59
2017-10-30,6112, 179086.08
2017-10-31,8430, 246584.47
2017-11-01,8925, 260799.2
2017-11-02,7524, 220213.63
2017-11-03,7416, 216437.15
2017-11-06,6786, 198352.7
2017-11-07,7645, 224824.32
2017-11-08,7148, 210885.54
2017-11-09,8702, 257322.54
2017-11-10,7884, 233316.67
2017-11-13,5840, 172714.98
2017-11-14,9156, 270499.64
2017-11-15,8345, 247237.6
2017-11-16,5768, 170150.55
2017-11-17,8362, 246828.39
2017-11-20,8578, 253806.62
2017-11-21,7573, 222472.54
2017-11-22,7167, 210951.12
2017-11-23,5124, 151023.67
2017-11-24,5472, 161131.98
2017-11-27,8303, 244931.32
2017-11-28,7311, 215250.64
2017-11-29, 10202, 299694.31
2017-11-30, 12497, 365387.66
2017-12-01,9455, 276925.85
2017-12-04,6629, 193219.4
2017-12-05,8562, 248726.22
2017-12-06,5900, 171002.55
2017-12-07,7561, 217587.89
2017-12-08,7860, 224363.83
2017-12-11,6503, 184967.69
2017-12-12,8057, 227170.14
2017-12-13,5486, 154514.86
2017-12-14,6797, 192624.22
2017-12-15,5484, 155190.96
2017-12-18,5100, 144797.55
2017-12-19,4914, 139771.09
2017-12-20,5167, 147131.37
2017-12-21,5359, 152693.08
2017-12-22,5768, 164802.42
2017-12-26,3759, 108127.18
2017-12-27,5990, 173112.06
