Date, price
20071228, 10593.96
20071229, 10657.78
20071231, 10648.31
20080101, 10610.66
20080102, 10769.94
20080103, 10928.06
20080104, 10926.55
20080105, 10909.79
20080107, 10887.81
20080108, 11015.99
20080109, 11138.89
20080110, 11115.78
20080111, 11275.03
20080112, 11319.14
20080114, 11427.99
20080115, 11438.59
20080116, 11223.33
20080117, 11201.33
20080118, 11144.73
20080119, 11194.96
20080121, 11091.66
20080122, 11081.27
20080123, 11291.88
20080124, 11417.72
20080125, 11586.09
20080128, 11667.60
20080129, 11735.94
20080130, 11691.31
20080131, 11727.75
20080201, 11698.92
20080202, 11537.90
20080204, 11467.21
20080205, 11382.26
20080206, 11446.72
20080207, 11523.28
20080208, 11636.39
20080209, 11729.09
20080211, 11763.20
20080212, 11690.90
20080213, 11536.42
20080214, 11600.02
20080215, 11607.93
20080216, 11549.70
20080218, 11561.58
20080219, 11752.01
20080220, 11852.57
20080221, 12083.21
20080222, 12070.25
20080223, 12099.23
20080225, 12085.52
20080226, 12003.55
20080227, 12228.88
20080228, 12250.91
20080229, 12371.42
20080301, 12428.21
20080303, 12600.95
20080304, 12583.30
20080305, 12564.60
20080306, 12716.18
20080307, 12702.61
20080308, 12679.10
20080310, 12630.85
20080311, 12685.06
20080312, 12671.10
20080313, 12869.10
20080314, 12940.88
20080315, 13036.28
20080317, 13247.80
20080318, 13103.20
20080319, 12664.32
20080320, 12059.72
20080324, 11961.71
20080325, 12056.23
20080326, 12237.92
20080327, 12273.84
20080328, 12088.58
20080329, 12009.40
20080331, 12047.49
20080401, 11637.07
20080402, 11551.51
20080403, 11663.17
20080404, 11729.72
20080405, 11833.42
20080407, 11902.49
20080408, 11853.35
20080409, 11858.09
20080410, 12032.84
20080411, 11944.33
20080412, 11974.46
20080414, 11979.86
20080415, 12028.76
20080416, 12127.54
20080417, 12197.76
20080418, 11837.68
20080419, 11856.06
20080421, 11870.91
20080422, 11878.78
20080423, 11775.87
20080424, 11655.16
20080425, 11555.68
20080426, 11549.44
20080428, 11608.58
20080429, 11540.22
20080430, 11409.57
20080501, 11253.40
20080502, 11243.52
20080503, 11307.72
20080505, 11400.17
20080506, 11565.44
20080507, 11596.69
20080508, 11759.82
20080509, 11839.29
20080510, 11895.98
20080512, 11929.69
20080513, 11847.46
20080514, 11853.21
20080515, 11989.21
20080516, 12212.73
20080517, 12345.11
20080519, 12387.62
20080520, 12491.94
20080521, 12708.57
20080522, 12837.68
20080523, 12735.56
20080524, 12742.25
20080526, 12750.12
20080527, 12686.94
20080528, 12394.44
20080529, 12256.87
20080530, 12117.57
20080531, 12204.96
20080602, 12187.49
20080603, 12207.18
20080604, 12171.99
20080605, 12115.80
20080606, 12304.47
20080607, 12538.88
20080609, 12509.12
20080610, 12262.53
20080611, 12178.19
20080612, 12038.65
20080613, 12076.60
20080614, 12116.49
20080616, 12257.84
20080617, 12276.87
20080618, 12331.35
20080619, 12462.38
20080620, 12543.34
20080621, 197472.4
20080623, 12413.85
20080624, 12365.60
20080625, 12277.14
20080626, 12466.86
20080627, 12751.70
20080628, 12846.31
20080630, 12901.06
20080701, 13071.12
20080702, 13113.89
20080703, 13141.07
20080704, 13024.07
20080705, 176119.8
20080707, 12894.34
20080708, 12914.38
20080709, 12893.83
20080710, 13017.69
20080711, 13242.56
20080712, 13361.80
20080714, 13382.70
20080715, 13622.11
20080716, 13506.15
20080717, 13346.62
20080718, 13247.68
20080719, 13218.03
20080721, 13300.44
20080722, 13283.72
20080723, 12796.61
20080724, 12629.37
20080725, 12706.92
20080726, 12727.94
20080728, 12748.11
20080729, 12732.24
20080730, 12464.93
20080731, 12656.75
20080801, 12586.73
20080802, 12592.59
20080804, 12546.70
20080805, 12234.21
20080806, 12156.50
20080807, 12127.00
20080808, 11895.88
20080809, 11835.90
20080811, 11725.97
20080812, 11339.94
20080813, 11506.18
20080814, 11602.81
20080816, 11215.90
20080818, 11400.20
20080819, 11455.69
20080820, 11638.28
20080821, 11745.16
20080822, 11719.34
20080823, 11691.65
20080825, 11710.05
20080826, 11700.08
20080827, 11802.32
20080828, 11863.01
20080829, 11875.90
20080830, 11894.88
20080901, 11869.28
20080902, 11635.24
20080903, 11624.27
20080904, 11647.49
20080905, 11646.41
20080906, 11669.86
20080908, 11702.19
20080909, 11572.68
20080910, 11434.05
20080911, 11252.39
20080912, 11341.72
20080913, 11412.75
20080915, 11597.23
20080916, 11739.66
20080917, 12074.36
20080918, 13043.36
20080919, 12584.20
20080920, 12739.15
20080922, 12924.59
20080923, 13107.07
20080924, 13112.06
20080925, 13056.68
20080926, 13158.58
20080927, 13160.70
20080929, 13302.59
20080930, 13426.31
20081001, 13254.26
20081003, 12809.40
20081004, 12810.07
20081006, 13127.58
20081007, 13445.54
20081008, 13820.55
20081009, 13624.81
20081010, 13907.28
20081011, 13407.43
20081013, 13175.47
20081014, 13068.48
20081015, 13205.99
20081016, 12932.06
20081017, 12591.22
20081018, 12562.97
20081020, 12662.48
20081021, 12454.83
20081022, 12114.07
20081023, 11719.87
20081024, 11583.12
20081025, 11900.72
20081027, 11773.70
20081028, 12012.20
20081029, 12170.19
20081030, 12064.70
20081031, 11723.12
20081101, 11725.98
20081103, 11653.58
20081104, 11617.86
20081105, 11650.87
20081106, 11582.52
20081107, 11533.68
20081108, 11554.66
20081110, 11675.87
20081111, 11577.68
20081112, 11648.46
20081113, 11582.66
20081114, 11708.33
20081115, 11792.79
20081117, 11796.70
20081118, 11863.20
20081119, 11992.25
20081120, 12075.20
20081121, 12441.84
20081122, 12892.22
20081124, 13055.59
20081125, 13064.75
20081126, 12985.90
20081128, 13032.78
20081129, 13117.03
20081201, 12831.16
20081202, 12570.11
20081203, 12520.08
20081204, 12422.87
20081205, 12180.45
20081206, 12108.05
20081208, 12316.86
20081209, 12275.64
20081210, 12563.67
20081211, 12803.84
20081212, 12760.00
20081213, 12808.45
20081215, 12876.17
20081216, 12889.87
20081217, 13127.10
20081218, 13041.60
20081219, 12754.10
20081220, 12735.74
20081222, 12976.09
20081223, 13116.32
20081224, 13001.32
20081226, 13144.65
20081227, 13401.71
20081229, 13693.58
20081230, 13479.30
20081231, 13455.99
20090101, 13716.56
20090102, 13593.45
20090103, 13554.03
20090105, 13356.87
20090106, 13208.26
20090107, 13380.74
20090108, 13348.25
20090109, 13319.47
20090110, 13332.40
20090112, 13118.36
20090113, 12949.29
20090114, 12911.20
20090115, 12817.54
20090116, 12977.60
20090117, 13159.23
20090119, 13110.75
20090120, 13350.79
20090121, 13480.60
20090122, 13478.56
20090123, 13805.57
20090124, 14092.35
20090127, 14080.94
20090128, 13955.12
20090129, 13910.14
20090130, 14331.22
20090131, 14424.98
20090202, 14256.60
20090203, 14093.98
20090204, 14061.32
20090205, 14259.11
20090206, 14221.03
20090207, 14183.86
20090209, 14023.14
20090210, 14115.89
20090211, 14466.23
20090212, 14716.13
20090213, 14613.35
20090214, 14631.91
20090216, 14677.19
20090217, 15252.34
20090218, 15503.40
20090219, 15551.36
20090220, 15761.99
20090221, 15857.66
20090223, 15757.69
20090224, 15680.44
20090225, 15418.67
20090226, 15252.93
20090227, 15518.96
20090228, 15480.62
20090302, 15769.58
20090303, 15333.13
20090304, 15132.79
20090305, 15242.01
20090306, 15547.33
20090307, 15537.83
20090309, 15482.93
20090310, 15085.89
20090311, 15011.81
20090312, 15271.50
20090313, 15344.91
20090314, 15329.18
20090316, 15228.86
20090317, 15170.77
20090318, 14880.55
20090319, 15282.65
20090320, 15504.01
20090321, 15509.44
20090323, 15435.34
20090324, 15147.63
20090325, 15127.13
20090326, 15243.25
20090327, 15128.62
20090328, 15106.50
20090330, 15186.83
20090331, 15054.09
20090401, 15084.93
20090402, 14798.79
20090403, 14609.00
20090404, 14480.88
20090406, 14142.06
20090407, 14241.29
20090408, 14341.55
20090409, 14198.55
20090411, 14193.60
20090413, 14359.31
20090414, 14323.95
20090415, 14307.48
20090416, 14211.54
20090417, 14003.68
20090418, 14022.19
20090420, 14237.21
20090421, 14437.76
20090422, 14380.92
20090423, 14489.57
20090424, 14614.72
20090425, 14624.74
20090427, 14743.05
20090428, 14556.93
20090429, 14490.34
20090501, 14270.13
20090502, 14282.31
20090504, 14411.62
20090505, 14439.99
20090506, 14459.47
20090507, 14556.60
20090508, 14514.77
20090511, 14561.30
20090512, 14616.85
20090513, 14800.61
20090514, 14835.55
20090515, 14805.64
20090516, 14781.11
20090518, 14363.30
20090519, 14225.13
20090520, 14306.31
20090521, 14421.91
20090522, 14510.75
20090523, 14513.32
20090525, 14567.41
20090526, 14598.19
20090527, 14607.49
20090528, 14655.67
20090529, 14821.37
20090530, 14894.59
20090601, 14874.71
20090602, 14835.36
20090603, 14815.85
20090604, 14768.44
20090605, 14723.94
20090606, 14627.47
20090608, 14580.94
20090609, 14630.16
20090610, 14630.45
20090611, 14616.00
20090612, 14532.28
20090613, 14472.20
20090615, 14435.37
20090616, 14447.06
20090617, 14500.58
20090618, 14580.80
20090619, 14532.31
20090620, 256918.5
20090622, 14506.31
20090623, 14464.17
20090624, 14590.71
20090625, 14668.87
20090626, 14703.49
20090627, 14646.71
20090629, 14599.30
20090630, 14516.81
20090701, 14494.13
20090702, 14480.36
20090703, 14468.30
20090704, 133710.4
20090706, 14503.67
20090707, 14564.53
20090708, 14549.00
20090709, 14475.93
20090710, 14459.44
20090711, 286372.9
20090713, 14554.04
20090714, 14638.45
20090715, 14720.05
20090716, 14759.75
20090717, 14757.79
20090718, 14762.30
20090720, 14854.95
20090721, 14860.66
20090722, 14892.78
20090723, 14949.82
20090724, 14891.80
20090725, 14884.47
20090727, 14936.27
20090728, 14831.75
20090729, 14696.16
20090730, 14681.60
20090731, 14705.67
20090801, 14820.12
20090803, 14821.28
20090804, 14823.40
20090805, 14903.77
20090806, 14937.83
20090807, 14892.40
20090808, 815315.3
20090810, 14771.63
20090811, 14777.16
20090812, 14841.33
20090813, 14931.93
20090814, 14942.22
20090817, 14851.70
20090818, 14867.93
20090819, 14917.50
20090820, 14908.12
20090821, 14975.68
20090822, 15007.61
20090824, 14991.96
20090825, 14998.13
20090826, 15012.18
20090827, 15018.02
20090828, 15079.51
20090829, 15113.33
20090831, 15102.49
20090901, 15129.40
20090902, 15366.90
20090903, 15631.09
20090904, 15712.78
20090905, 259974.4
20090907, 15723.39
20090908, 15794.98
20090909, 15718.14
20090910, 15622.53
20090911, 15804.76
20090912, 15831.89
20090914, 15798.72
20090915, 15777.92
20090916, 15942.69
20090917, 15909.04
20090918, 15851.08
20090919, 15809.80
20090921, 15718.36
20090922, 15835.22
20090923, 15826.23
20090924, 15735.77
20090925, 15545.98
20090926, 15526.17
20090928, 15564.11
20090929, 15514.71
20090930, 15607.87
20091001, 15618.33
20091003, 15612.93
20091005, 15576.75
20091006, 15713.55
20091007, 15829.09
20091008, 15853.25
20091009, 15819.74
20091010, 15834.96
20091012, 15908.73
20091013, 15989.14
20091014, 15940.18
20091015, 15804.29
20091016, 15792.96
20091017, 15852.64
20091019, 15829.63
20091020, 15915.00
20091021, 15914.13
20091022, 15999.09
20091023, 15998.32
20091024, 15985.32
20091026, 15940.84
20091027, 15853.11
20091028, 15878.78
20091029, 15898.79
20091030, 15927.60
20091031, 15961.05
20091102, 16107.92
20091103, 16366.20
20091104, 16608.42
20091105, 16598.20
20091106, 16610.71
20091107, 16645.62
20091109, 16668.56
20091110, 16616.61
20091111, 16746.21
20091112, 16828.57
20091113, 16688.53
20091114, 16798.19
20091116, 16894.22
20091117, 16982.43
20091118, 17139.17
20091119, 17156.65
20091120, 17220.95
20091121, 17372.30
20091123, 17546.08
20091124, 17548.86
20091125, 17659.02
20091126, 17850.19
20091127, 17619.44
20091130, 17644.26
20091201, 17882.68
20091202, 18170.95
20091203, 18192.81
20091204, 17881.92
20091205, 17575.19
20091207, 17369.72
20091208, 17522.29
20091209, 17241.44
20091210, 17102.21
20091211, 17098.94
20091212, 16965.13
20091214, 17038.10
20091215, 16995.62
20091216, 17153.73
20091217, 17062.80
20091218, 16864.69
20091219, 16971.13
20091221, 16874.83
20091222, 16607.81
20091223, 16577.17
20091224, 16755.01
20091226, 16820.59
20091228, 16837.50
20091229, 16771.93
20091230, 16635.48
20091231, 16723.45
20100101, 16684.76
20100102, 16725.89
20100104, 16790.70
20100105, 16882.49
20100106, 16844.07
20100107, 16836.05
20100108, 16790.00
20100109, 16891.82
20100111, 17045.70
20100112, 17016.26
20100113, 16772.18
20100114, 16872.34
20100115, 16850.12
20100116, 16856.74
20100118, 16841.60
20100119, 16884.66
20100120, 16785.91
20100121, 16542.05
20100122, 16445.33
20100123, 16492.48
20100125, 16512.04
20100127, 16504.91
20100128, 16380.25
20100129, 16272.68
20100130, 16263.74
20100201, 16422.25
20100202, 16701.63
20100203, 16705.50
20100204, 16363.56
20100205, 16088.86
20100206, 16284.71
20100208, 16283.09
20100209, 16297.19
20100210, 16284.46
20100211, 16371.77
20100212, 16403.56
20100213, 16500.40
20100215, 16551.51
20100216, 16727.53
20100217, 16758.76
20100218, 16672.11
20100219, 16724.26
20100220, 16822.04
20100222, 16789.74
20100223, 16665.61
20100224, 16518.06
20100225, 16534.63
20100226, 16749.40
20100227, 16797.35
20100301, 16795.15
20100302, 16885.76
20100303, 17023.42
20100304, 16977.15
20100305, 16914.60
20100306, 16903.52
20100308, 16803.70
20100309, 16673.31
20100310, 16623.89
20100311, 16504.83
20100312, 16530.70
20100313, 16457.93
20100315, 16506.77
20100316, 16682.87
20100317, 16734.99
20100318, 16714.43
20100319, 16581.21
20100320, 16513.56
20100322, 16438.46
20100323, 16443.65
20100324, 16364.12
20100325, 16298.28
20100326, 16314.05
20100327, 16408.50
20100329, 16380.41
20100330, 16358.78
20100331, 16387.33
20100401, 16469.43
20100403, 16523.92
20100405, 16495.83
20100406, 16517.81
20100407, 16667.07
20100408, 16754.55
20100409, 16797.10
20100410, 16835.28
20100412, 16924.68
20100413, 16801.63
20100414, 16816.25
20100415, 16804.41
20100416, 16689.27
20100417, 16610.06
20100419, 16570.72
20100420, 16651.73
20100421, 16674.72
20100422, 16664.81
20100423, 16677.02
20100424, 16814.26
20100426, 16795.12
20100427, 16842.32
20100428, 17031.15
20100429, 16997.66
20100430, 17082.92
20100503, 17203.05
20100504, 17237.49
20100505, 17200.28
20100506, 17550.47
20100507, 17843.58
20100508, 17960.78
20100510, 17531.53
20100511, 17886.97
20100512, 18181.28
20100513, 18100.61
20100514, 18194.33
20100515, 18188.57
20100517, 18275.95
20100518, 18028.73
20100519, 18112.39
20100520, 18116.57
20100521, 18019.57
20100522, 18008.26
20100524, 18098.99
20100525, 18426.14
20100526, 18594.22
20100527, 18435.40
20100528, 18346.11
20100529, 18463.84
20100531, 18387.33
20100601, 18687.02
20100602, 18705.79
20100603, 18508.51
20100604, 18464.27
20100605, 18794.31
20100607, 18788.96
20100608, 19037.04
20100609, 18853.98
20100610, 18692.11
20100611, 18690.05
20100612, 18741.73
20100614, 18594.89
20100615, 18626.66
20100616, 18698.19
20100617, 18748.78
20100618, 18821.65
20100619, 18859.61
20100621, 18704.30
20100622, 18612.70
20100623, 18684.52
20100624, 18719.31
20100625, 18836.20
20100626, 18824.27
20100628, 18830.05
20100629, 18780.27
20100630, 18840.69
20100701, 18725.47
20100702, 18468.18
20100703, 18540.37
20100705, 18515.06
20100706, 18403.77
20100707, 18330.54
20100708, 18346.80
20100709, 18356.07
20100710, 18418.97
20100712, 18392.14
20100713, 18444.29
20100714, 18433.53
20100715, 18436.14
20100716, 18325.45
20100717, 18328.63
20100719, 18268.17
20100720, 18279.93
20100721, 18360.30
20100722, 18290.67
20100723, 18320.51
20100724, 18267.64
20100726, 18210.18
20100727, 17955.37
20100728, 17768.92
20100729, 17765.96
20100730, 17838.08
20100731, 17865.47
20100802, 17886.45
20100803, 17949.82
20100804, 18096.41
20100805, 18081.83
20100806, 18149.41
20100807, 18200.86
20100809, 18205.24
20100810, 18178.21
20100811, 18344.31
20100812, 18473.02
20100813, 18546.35
20100814, 18570.52
20100816, 18671.76
20100817, 18666.15
20100818, 18634.68
20100819, 18735.86
20100820, 18725.62
20100821, 18733.53
20100823, 18700.01
20100824, 18739.33
20100825, 18930.51
20100826, 18931.93
20100827, 18919.59
20100828, 18900.35
20100830, 18919.63
20100831, 19046.80
20100901, 19078.63
20100902, 19049.99
20100903, 18960.75
20100904, 18973.43
20100906, 18981.05
20100907, 19129.22
20100908, 19150.21
20100909, 19013.60
20100910, 18884.07
20100913, 18861.94
20100914, 19100.88
20100915, 19196.78
20100916, 19178.54
20100917, 19158.07
20100918, 19170.10
20100920, 19115.29
20100921, 19068.47
20100922, 19196.69
20100923, 19219.91
20100924, 19180.30
20100925, 19172.95
20100927, 19128.36
20100928, 19107.42
20100929, 19219.75
20100930, 19195.72
20101001, 19193.86
20101004, 19224.93
20101005, 19417.81
20101006, 19575.57
20101007, 19577.47
20101008, 19429.30
20101009, 19532.79
20101011, 19615.35
20101012, 19674.2
20101013, 19823.96
20101014, 19932.75
20101015, 19856.94
20101016, 19867.24
20101018, 19786.04
20101019, 19710.30
20101020, 19527.19
20101021, 19491.76
20101022, 19368.85
20101023, 19461.09
20101025, 19556.63
20101026, 19530.84
20101027, 19501.19
20101028, 19502.71
20101029, 19659.13
20101030, 19812.47
20101101, 19805.48
20101102, 19724.36
20101103, 19592.82
20101104, 19797.45
20101105, 19880.22
20101106, 19996.36
20101108, 20164.97
20101109, 20467.65
20101110, 20251.69
20101111, 20378.21
20101112, 20200.59
20101113, 20161.09
20101115, 20175.85
20101116, 20034.69
20101117, 19981.35
20101118, 20042.29
20101119, 20041.00
20101120, 20167.81
20101122, 20114.70
20101123, 20357.61
20101124, 20478.10
20101125, 20392.90
20101126, 20342.57
20101127, 20374.20
20101129, 20398.40
20101130, 20662.17
20101201, 20724.37
20101202, 20658.19
20101203, 20657.33
20101204, 20800.98
20101206, 20832.29
20101207, 20803.45
20101208, 20570.85
20101209, 20575.95
20101210, 20514.89
20101211, 20515.03
20101213, 20598.28
20101214, 20663.65
20101215, 20639.81
20101216, 20508.81
20101217, 20475.96
20101218, 20526.48
20101220, 20601.07
20101221, 20560.24
20101222, 20545.59
20101223, 20452.39
20101224, 20477.38
20101227, 20522.70
20101228, 20650.95
20101229, 20755.67
20101230, 20750.51
20101231, 20701.46
20110101, 20756.35
20110103, 20796.28
20110104, 20643.11
20110105, 20468.08
20110106, 20403.07
20110107, 20328.57
20110108, 185224.9
20110110, 20417.23
20110111, 20421.00
20110112, 20423.26
20110113, 20442.66
20110114, 20304.74
20110115, 20283.68
20110117, 20294.26
20110118, 20363.38
20110119, 20401.09
20110120, 20259.84
20110121, 20089.95
20110122, 20098.59
20110124, 20100.78
20110125, 19856.71
20110127, 19895.76
20110128, 19819.28
20110129, 20039.76
20110131, 20039.18
20110201, 20102.98
20110202, 20073.16
20110203, 20120.39
20110204, 20292.08
20110205, 20272.59
20110207, 20206.36
20110208, 20251.01
20110209, 20374.39
20110210, 20404.28
20110211, 20424.18
20110212, 20350.27
20110214, 20342.69
20110215, 20483.92
20110216, 20508.53
20110217, 20519.02
20110218, 20583.67
20110219, 20570.60
20110221, 20752.64
20110222, 20785.22
20110223, 20844.31
20110224, 21078.68
20110225, 20911.10
20110226, 20975.76
20110228, 21006.77
20110301, 20970.50
20110302, 21157.99
20110303, 21015.20
20110304, 20970.10
20110305, 21117.94
20110307, 21198.21
20110308, 21090.19
20110309, 21044.84
20110310, 20970.90
20110311, 20908.38
20110312, 20989.29
20110314, 21026.64
20110315, 20749.01
20110316, 20687.84
20110317, 20664.66
20110318, 20866.15
20110319, 20886.62
20110321, 21012.50
20110322, 20935.46
20110323, 20992.92
20110324, 20992.94
20110325, 20877.88
20110326, 20888.02
20110328, 20761.07
20110329, 20725.85
20110330, 20777.88
20110331, 20888.51
20110401, 20902.50
20110402, 20838.25
20110404, 20961.38
20110405, 21042.52
20110406, 21194.17
20110407, 21191.26
20110408, 21285.97
20110409, 21448.46
20110411, 21402.39
20110412, 21298.61
20110413, 21291.10
20110414, 21420.41
20110415, 21527.28
20110418, 21710.31
20110419, 21812.81
20110420, 21838.12
20110421, 21887.05
20110423, 22101.24
20110425, 22089.88
20110426, 21907.06
20110427, 21997.44
20110428, 22273.76
20110429, 22392.91
20110430, 22812.41
20110502, 22616.22
20110503, 22486.95
20110504, 22308.23
20110505, 22022.43
20110506, 21763.84
20110507, 21923.67
20110509, 22018.38
20110510, 22134.74
20110511, 22097.65
20110512, 21897.70
20110513, 22048.58
20110514, 22049.98
20110516, 22014.44
20110517, 21833.47
20110518, 21966.65
20110519, 21893.21
20110520, 22032.64
20110521, 22238.60
20110523, 22263.49
20110524, 22391.49
20110525, 22521.82
20110526, 22447.10
20110527, 22502.87
20110528, 22622.11
20110530, 22579.27
20110531, 22602.84
20110601, 22616.80
20110602, 22603.65
20110603, 22600.74
20110604, 22612.77
20110606, 22724.63
20110607, 22661.41
20110608, 22557.95
20110609, 22590.54
20110610, 22570.39
20110611, 390846.1
20110613, 22474.49
20110614, 22319.48
20110615, 22403.65
20110616, 22491.89
20110617, 22537.00
20110618, 22664.46
20110620, 22660.44
20110621, 22679.87
20110622, 22734.01
20110623, 22542.78
20110624, 22323.59
20110625, 22210.22
20110627, 22125.13
20110628, 22127.80
20110629, 22143.90
20110630, 22041.62
20110701, 21757.37
20110702, 21707.42
20110704, 21750.94
20110705, 21859.76
20110706, 22107.49
20110707, 22176.71
20110708, 22255.29
20110709, 22374.35
20110711, 22480.60
20110712, 22578.48
20110713, 22867.88
20110714, 23011.09
20110715, 22959.29
20110716, 23151.04
20110718, 23222.96
20110719, 23211.24
20110720, 23014.21
20110721, 23078.07
20110722, 23045.94
20110723, 23154.22
20110725, 23337.87
20110726, 23176.04
20110727, 23219.82
20110728, 23144.32
20110729, 23329.54
20110730, 23344.80
20110801, 23417.30
20110802, 23675.34
20110803, 24153.02
20110804, 24225.66
20110805, 24248.67
20110806, 24567.30
20110808, 25074.69
20110809, 25771.41
20110810, 25961.18
20110811, 26087.61
20110812, 25731.58
20110813, 25714.71
20110816, 26117.59
20110817, 26340.47
20110818, 26876.56
20110819, 27652.98
20110820, 27891.87
20110822, 27977.64
20110823, 27854.70
20110824, 27036.72
20110825, 25943.91
20110826, 26703.87
20110827, 27670.86
20110829, 26972.96
20110830, 27103.35
20110831, 27205.53
20110901, 27188.28
20110902, 27705.63
20110903, 27832.13
20110905, 28229.20
20110906, 28305.93
20110907, 27353.05
20110908, 27703.23
20110909, 28032.29
20110910, 28138.37
20110912, 28065.17
20110913, 28003.58
20110914, 28221.38
20110915, 27736.07
20110916, 27489.59
20110917, 27776.16
20110919, 27994.00
20110920, 27873.37
20110921, 28125.66
20110922, 27941.92
20110923, 27205.21
20110924, 26659.49
20110926, 25789.00
20110927, 26431.71
20110928, 26107.24
20110929, 25770.48
20110930, 26029.52
20111001, 26206.81
20111003, 26645.59
20111004, 26575.01
20111005, 26123.92
20111006, 26439.12
20111007, 26469.45
20111008, 26332.79
20111010, 26582.35
20111011, 26760.04
20111012, 26874.08
20111013, 26743.27
20111014, 26786.92
20111015, 26887.29
20111017, 26854.85
20111018, 26547.42
20111019, 26542.31
20111020, 26320.82
20111021, 26614.91
20111022, 26756.77
20111024, 26828.14
20111025, 27016.25
20111026, 27531.60
20111027, 27531.37
20111028, 27623.98
20111029, 27598.00
20111031, 27282.11
20111101, 27339.67
20111102, 27649.93
20111103, 27812.14
20111104, 27965.32
20111105, 27934.26
20111107, 28293.90
20111108, 28633.68
20111109, 28925.21
20111110, 28700.26
20111111, 28738.22
20111112, 28945.75
20111114, 28986.79
20111115, 29043.37
20111116, 29039.43
20111117, 28742.77
20111118, 28633.91
20111119, 28732.47
20111121, 28679.37
20111122, 28687.34
20111123, 28668.13
20111124, 28611.89
20111125, 28458.69
20111126, 28463.35
20111128, 28784.54
20111129, 28777.20
20111130, 29100.76
20111201, 29251.83
20111202, 29207.16
20111203, 29175.88
20111205, 29149.43
20111206, 28878.84
20111207, 29155.30
20111208, 29223.54
20111209, 29139.10
20111210, 29114.77
20111212, 28875.73
20111213, 28907.43
20111214, 28462.27
20111215, 27728.07
20111216, 27446.51
20111217, 27629.88
20111219, 27639.90
20111220, 27812.42
20111221, 27916.67
20111222, 27716.54
20111223, 27779.87
20111224, 27808.62
20111226, 27779.17
20111227, 27649.86
20111228, 27509.88
20111229, 26864.46
20111230, 27251.68
20111231, 27362.40
20120102, 27361.63
20120103, 27641.58
20120104, 27734.47
20120105, 27747.29
20120106, 27833.90
20120107, 27798.56
20120109, 27667.55
20120110, 27571.42
20120111, 27667.65
20120112, 27756.71
20120113, 27506.37
20120114, 27552.53
20120116, 27541.72
20120117, 27692.10
20120118, 27473.12
20120119, 27467.17
20120120, 27378.65
20120121, 27545.78
20120123, 27552.06
20120124, 27469.44
20120125, 27390.58
20120127, 27986.73
20120128, 28092.68
20120130, 28133.46
20120131, 28378.20
20120201, 28447.46
20120202, 28434.04
20120203, 28259.38
20120204, 27893.96
20120206, 27934.82
20120207, 28093.78
20120208, 28340.84
20120209, 28374.82
20120210, 28222.71
20120211, 28269.82
20120213, 28138.17
20120214, 28088.28
20120215, 28182.96
20120216, 28136.61
20120217, 28133.81
20120218, 28101.15
20120220, 28157.60
20120221, 28319.65
20120222, 28531.53
20120223, 28837.93
20120224, 28744.55
20120225, 28689.99
20120227, 28740.97
20120228, 28828.61
20120229, 28433.71
20120301, 27902.38
20120302, 28016.21
20120303, 28041.21
20120305, 27994.49
20120306, 27936.09
20120307, 27882.80
20120308, 27976.02
20120309, 27884.97
20120310, 28018.96
20120312, 28028.66
20120313, 27891.24
20120314, 27593.21
20120315, 27547.80
20120316, 27856.48
20120317, 27940.86
20120319, 27886.40
20120320, 27859.93
20120321, 27923.18
20120322, 27896.05
20120323, 28052.34
20120324, 28216.95
20120326, 28323.87
20120327, 28406.17
20120328, 28325.50
20120329, 28301.21
20120330, 28337.97
20120331, 28284.68
20120402, 28449.83
20120403, 28497.49
20120404, 28087.54
20120405, 28088.30
20120407, 28197.29
20120409, 28344.45
20120410, 28467.59
20120411, 28621.90
20120412, 28652.17
20120413, 28723.30
20120416, 28557.09
20120417, 28497.94
20120418, 28537.50
20120419, 28636.19
20120420, 28663.83
20120421, 28700.61
20120423, 28714.39
20120424, 28890.88
20120425, 28792.99
20120426, 28960.72
20120427, 29080.08
20120428, 29126.29
20120430, 29132.53
20120501, 29212.09
20120502, 29196.62
20120503, 29199.50
20120504, 29178.47
20120505, 29228.41
20120507, 29003.52
20120508, 28765.48
20120509, 28578.61
20120510, 28463.27
20120511, 28394.63
20120512, 28397.11
20120514, 28270.14
20120515, 28118.41
20120516, 28029.16
20120517, 28359.92
20120518, 28857.54
20120519, 29059.11
20120521, 29096.78
20120522, 29072.49
20120523, 28990.24
20120524, 29051.72
20120525, 28868.02
20120526, 29023.08
20120528, 29034.83
20120529, 29099.50
20120530, 29067.52
20120531, 29318.31
20120601, 29468.14
20120602, 30096.92
20120604, 29994.46
20120605, 30045.69
20120606, 30192.76
20120607, 29662.36
20120608, 29368.82
20120609, 29580.87
20120611, 29677.65
20120612, 29865.16
20120613, 30053.64
20120614, 30142.11
20120615, 30157.28
20120616, 30155.37
20120618, 30180.07
20120619, 30327.23
20120620, 30182.24
20120621, 30018.06
20120622, 29914.62
20120623, 30016.34
20120625, 29935.98
20120626, 30065.19
20120627, 29989.34
20120628, 29835.90
20120629, 29645.63
20120630, 29707.36
20120702, 29677.55
20120703, 29561.52
20120704, 29559.78
20120705, 29727.00
20120706, 29670.75
20120707, 29639.91
20120709, 29640.66
20120710, 29556.42
20120711, 29300.18
20120712, 29255.03
20120713, 29295.37
20120714, 29312.74
20120716, 29285.55
20120717, 29315.75
20120718, 29246.27
20120719, 29250.92
20120720, 29252.00
20120721, 29343.90
20120723, 29407.72
20120724, 29539.22
20120725, 29807.60
20120726, 29863.53
20120727, 29901.44
20120728, 29954.30
20120730, 29928.94
20120731, 30109.42
20120801, 30022.67
20120802, 30047.97
20120803, 29929.35
20120804, 29897.28
20120806, 29963.01
20120807, 29890.28
20120808, 29860.95
20120809, 29953.64
20120810, 30012.34
20120811, 30043.31
20120813, 30144.86
20120814, 30060.96
20120816, 30108.68
20120817, 30164.30
20120818, 676821.4
20120820, 30187.73
20120821, 30261.44
20120822, 30401.79
20120823, 30711.66
20120824, 30833.85
20120825, 30959.93
20120827, 31063.51
20120828, 30962.54
20120829, 30920.19
20120830, 30826.71
20120831, 30925.39
20120901, 31382.64
20120903, 31307.04
20120904, 31425.01
20120905, 31509.90
20120906, 31676.14
20120907, 31680.25
20120908, 31954.18
20120910, 31977.31
20120911, 31924.50
20120912, 31979.92
20120913, 32047.35
20120914, 32118.94
20120915, 31915.92
20120917, 31871.94
20120918, 31808.63
20120919, 32048.30
20120920, 31931.30
20120921, 31730.69
20120922, 31553.58
20120924, 31418.19
20120925, 31503.22
20120926, 31414.88
20120927, 31315.91
20120928, 31386.17
20120929, 31375.23
20121001, 31412.08
20121003, 31353.41
20121004, 31206.73
20121005, 31196.33
20121006, 31166.23
20121008, 31234.35
20121009, 31359.72
20121010, 31432.37
20121011, 31390.24
20121012, 31352.43
20121013, 31286.57
20121015, 31098.39
20121016, 30985.67
20121017, 31116.12
20121018, 31266.64
20121019, 31353.53
20121020, 31291.50
20121022, 31094.85
20121023, 30983.41
20121024, 30941.12
20121025, 30928.95
20121026, 31007.21
20121027, 31037.19
20121029, 31102.20
20121030, 31097.40
20121031, 31119.77
20121101, 31065.94
20121102, 30699.44
20121103, 30531.23
20121105, 30738.00
20121106, 31048.34
20121107, 31303.12
20121108, 31316.73
20121109, 31635.35
20121110, 31678.40
20121112, 31859.78
20121113, 31810.95
20121114, 31708.37
20121115, 31562.06
20121116, 31572.26
20121117, 31695.79
20121119, 31713.54
20121120, 31824.19
20121121, 31802.17
20121122, 31880.37
20121123, 32134.68
20121124, 32391.19
20121126, 32458.07
20121127, 32390.35
20121128, 32067.15
20121129, 31761.95
20121130, 31583.94
20121201, 31407.98
20121203, 31689.47
20121204, 31524.66
20121205, 31317.26
20121206, 31109.36
20121207, 31231.19
20121208, 31330.72
20121210, 31475.13
20121211, 31393.82
20121212, 31416.53
20121213, 31193.77
20121214, 31226.71
20121215, 31214.98
20121217, 31272.38
20121218, 31338.12
20121219, 30906.27
20121220, 30729.77
20121221, 30742.08
20121222, 30935.91
20121224, 30874.59
20121226, 30737.74
20121227, 30737.73
20121228, 30737.42
20121229, 30763.16
20121231, 30800.07
20130101, 30927.93
20130102, 31051.52
20130103, 31096.83
20130104, 30780.08
20130105, 30967.89
20130107, 30992.03
20130108, 30953.86
20130109, 30930.74
20130110, 30878.36
20130111, 30895.72
20130112, 30891.51
20130114, 30834.80
20130115, 30897.58
20130116, 30954.95
20130117, 30769.64
20130118, 30710.46
20130119, 30695.51
20130121, 30827.03
20130122, 30846.82
20130123, 30823.31
20130124, 30658.06
20130125, 30464.67
20130128, 30462.29
20130129, 30441.44
20130130, 30406.10
20130131, 30378.84
20130201, 30544.25
20130202, 30460.93
20130204, 30609.70
20130205, 30708.51
20130206, 30670.59
20130207, 30770.08
20130208, 30797.92
20130209, 377593.7
20130211, 30708.39
20130212, 30591.04
20130213, 30582.37
20130214, 30550.64
20130215, 30301.26
20130216, 30226.62
20130218, 30230.14
20130219, 30142.19
20130220, 29782.18
20130221, 29557.98
20130222, 29617.11
20130223, 29646.07
20130225, 29613.63
20130226, 29849.06
20130227, 29892.45
20130228, 29731.93
20130301, 29676.21
20130302, 29785.61
20130304, 29696.22
20130305, 29668.80
20130306, 29587.55
20130307, 29531.93
20130308, 29330.92
20130309, 29417.57
20130311, 29395.77
20130312, 29457.64
20130313, 29535.35
20130314, 29427.34
20130315, 29404.12
20130316, 29446.38
20130318, 29593.80
20130319, 29741.10
20130320, 29826.05
20130321, 29777.39
20130322, 29786.83
20130323, 29844.66
20130325, 29628.63
20130326, 29620.14
20130327, 29711.63
20130328, 29770.51
20130330, 29692.93
20130401, 29864.01
20130402, 29809.98
20130403, 29424.43
20130404, 29279.48
20130405, 29521.38
20130406, 29785.64
20130408, 29618.36
20130409, 29600.55
20130410, 29474.56
20130411, 29184.19
20130412, 28697.09
20130413, 27893.93
20130415, 26464.73
20130416, 25747.64
20130417, 25662.71
20130418, 25654.35
20130419, 25894.62
20130420, 26014.43
20130422, 26349.39
20130423, 26244.65
20130424, 26374.76
20130425, 26773.14
20130426, 27160.13
20130427, 27178.62
20130429, 27188.70
20130430, 26978.56
20130501, 26603.27
20130502, 26775.81
20130503, 27020.59
20130504, 26951.50
20130506, 27116.36
20130507, 26828.26
20130508, 26906.56
20130509, 27120.81
20130510, 26846.19
20130511, 26995.98
20130513, 26793.46
20130514, 26774.21
20130515, 26442.52
20130516, 26032.04
20130517, 25951.47
20130518, 25843.21
20130520, 25694.05
20130521, 26113.12
20130522, 26259.53
20130523, 26309.93
20130524, 26381.22
20130527, 26433.32
20130528, 26404.61
20130529, 26566.61
20130530, 26988.94
20130531, 27184.51
20130601, 26941.08
20130603, 27182.00
20130604, 27155.69
20130605, 27436.83
20130606, 27715.66
20130607, 27752.26
20130608, 27581.75
20130610, 27814.47
20130611, 27940.44
20130612, 27788.75
20130613, 27946.89
20130614, 27723.19
20130615, 27880.77
20130617, 27847.49
20130618, 27995.88
20130619, 27962.22
20130620, 27289.91
20130621, 26851.90
20130622, 27019.97
20130624, 26753.08
20130625, 26625.70
20130626, 26058.66
20130627, 25870.02
20130628, 25186.26
20130629, 25688.11
20130701, 25777.95
20130702, 26057.86
20130703, 26214.18
20130704, 26188.53
20130705, 25942.96
20130706, 26013.34
20130708, 26048.60
20130709, 26178.12
20130710, 26127.34
20130711, 26671.16
20130712, 26586.64
20130713, 26734.05
20130715, 26705.38
20130716, 26487.26
20130717, 26537.98
20130718, 26557.24
20130719, 26709.16
20130720, 26724.50
20130722, 27316.12
20130723, 27573.77
20130724, 27492.96
20130725, 27215.44
20130726, 27367.20
20130727, 27573.12
20130729, 27870.77
20130730, 28292.05
20130731, 28322.86
20130801, 28003.88
20130802, 27762.51
20130803, 28083.64
20130805, 27961.93
20130806, 27758.59
20130807, 27532.10
20130808, 27713.90
20130809, 27883.19
20130810, 1959645.
20130812, 28594.31
20130813, 28934.40
20130814, 28943.11
20130816, 30322.42
20130817, 30784.41
20130819, 30975.27
20130820, 30757.01
20130821, 31120.47
20130822, 31405.12
20130823, 31424.50
20130824, 31792.46
20130826, 31863.61
20130827, 33117.14
20130828, 34207.47
20130829, 33461.00
20130830, 32957.96
20130831, 32941.32
20130902, 32738.26
20130903, 33788.50
20130904, 33282.59
20130905, 32458.60
20130906, 31925.79
20130907, 356524.9
20130909, 31741.42
20130910, 30992.06
20130911, 30706.25
20130912, 30242.27
20130913, 29751.03
20130914, 30050.36
20130916, 29595.30
20130917, 29900.75
20130918, 29601.33
20130919, 30379.68
20130920, 30217.30
20130921, 
20130923, 29708.72
20130924, 29713.96
20130925, 30019.62
20130926, 29966.18
20130927, 30251.29
20130928, 
20130930, 30243.88
20131001, 29421.08
20131003, 29283.05
20131004, 29193.68
20131005, 
20131007, 29391.70
20131008, 29563.27
20131009, 29290.81
20131010, 29070.23
20131011, 28544.87
20131012, 
20131014, 28760.36
20131015, 28650.48
20131016, 28865.90
20131017, 29337.23
20131018, 29575.27
20131019, 
20131021, 29721.96
20131022, 29886.60
20131023, 30163.54
20131024, 30379.21
20131025, 30573.53
20131026, 
20131028, 30916.37
20131029, 30381.56
20131030, 30213.22
20131031, 29840.33
20131101, 29849.80
20131102, 
20131103, 29868.59
20131104, 29794.15
20131105, 29608.43
20131106, 29890.93
20131107, 30011.88
20131108, 29851.88
20131109, 
20131111, 29936.58
20131112, 30233.08
20131113, 30091.47
20131114, 30260.36
20131115, 30285.66
20131116, 
20131118, 30161.88
20131119, 30093.39
20131120, 30232.60
20131121, 30018.63
20131122, 30057.42
20131123, 
20131125, 29773.95
20131126, 30149.96
20131127, 29995.95
20131128, 29822.60
20131129, 29793.79
20131130, 
20131202, 29078.67
20131203, 28913.42
20131204, 29196.41
20131205, 29252.08
20131206, 29081.04
20131207, 
20131209, 28963.58
20131210, 29385.40
20131211, 29490.75
20131212, 29293.26
20131213, 29265.11
20131214, 
20131216, 28997.08
20131217, 28832.71
20131218, 28763.82
20131219, 28495.93
20131220, 28420.25
20131221, 
20131223, 28375.92
20131224, 28352.22
20131226, 28567.69
20131227, 28466.86
20131228, 
20131230, 28379.40
20131231, 28287.21
20140101, 28295.24
20140102, 28755.18
20140103, 29021.81
20140104, 
20140106, 29074.67
20140107, 28880.70
20140108, 28721.79
20140109, 28773.91
20140110, 28896.69
20140111, 
20140113, 29066.12
20140114, 29138.44
20140115, 28927.89
20140116, 29005.04
20140117, 29063.86
20140118, 
20140120, 29301.48
20140121, 29202.43
20140122, 29148.07
20140123, 29098.58
20140124, 29300.59
20140125, 
20140127, 29629.32
20140128, 29450.80
20140129, 29444.24
20140130, 29317.63
20140131, 29019.06
20140201, 
20140203, 28863.79
20140204, 28820.12
20140205, 28848.21
20140206, 28776.52
20140207, 28769.17
20140208, 
20140210, 28935.31
20140211, 29079.12
20140212, 29063.02
20140213, 29134.53
20140214, 29323.66
20140215, 
20140217, 29815.28
20140218, 30081.00
20140219, 29954.79
20140220, 29863.15
20140221, 29848.00
20140222, 
20140224, 30064.42
20140225, 30124.91
20140226, 30086.51
20140227, 30076.56
20140228, 30154.05
20140301, 
20140303, 30445.80
20140304, 30241.39
20140305, 30122.54
20140306, 29997.91
20140307, 30123.39
20140308, 
20140310, 30011.46
20140311, 30094.68
20140312, 30384.83
20140313, 30407.04
20140314, 30529.16
20140315, 
20140317, 30423.31
20140318, 30147.73
20140319, 30045.64
20140320, 29784.98
20140321, 29751.18
20140322, 
20140324, 29347.09
20140325, 29040.26
20140326, 28713.39
20140327, 28392.44
20140328, 28296.31
20140329, 
20140331, 28348.50
20140401, 28072.06
20140402, 27943.45
20140403, 28137.97
20140404, 28207.08
20140407, 28290.24
20140408, 28492.72
20140409, 28459.59
20140410, 28698.98
20140411, 28754.22
20140414, 28905.58
20140415, 28572.92
20140416, 28490.60
20140417, 28517.56
20140421, 28401.38
20140422, 28587.22
20140423, 28740.61
20140425, 28878.94
20140428, 28916.52
20140429, 28762.74
20140430, 28695.53
20140501, 28566.52
20140502, 28624.72
20140505, 28912.39
20140506, 28880.46
20140507, 28806.84
20140508, 28520.17
20140509, 28552.22
20140512, 28562.79
20140513, 28522.24
20140514, 28669.75
20140515, 28496.68
20140516, 28071.80
20140519, 28134.52
20140520, 28138.15
20140521, 27801.49
20140522, 27250.69
20140523, 27223.60
20140526, 27289.92
20140527, 27052.74
20140528, 26706.08
20140529, 26447.16
20140530, 26399.62
20140602, 25958.28
20140603, 25825.56
20140604, 25887.90
20140605, 25880.53
20140606, 25887.69
20140609, 25914.73
20140610, 26065.56
20140611, 26075.02
20140612, 26132.64
20140613, 26496.79
20140616, 26927.77
20140617, 26716.01
20140618, 26835.12
20140619, 27169.30
20140620, 27647.82
20140623, 27672.13
20140624, 27740.25
20140625, 27689.59
20140626, 27630.93
20140627, 27695.86
20140630, 27651.53
20140701, 27852.79
20140702, 27653.93
20140703, 27520.14
20140704, 27525.71
20140707, 27443.95
20140708, 27497.03
20140709, 27625.96
20140710, 28152.83
20140711, 28338.97
20140714, 27986.59
20140715, 27800.05
20140716, 27657.87
20140717, 27976.93
20140718, 28029.33
20140721, 28090.82
20140722, 27924.53
20140723, 27945.03
20140724, 27751.88
20140725, 27774.79
20140728, 27959.30
20140729, 27957.67
20140730, 27855.73
20140731, 27916.81
20140801, 28090.83
20140804, 28157.03
20140805, 28080.43
20140806, 28443.09
20140807, 28650.50
20140808, 28834.40
20140811, 28611.99
20140812, 28733.19
20140813, 28679.64
20140814, 28632.09
20140818, 28342.73
20140819, 28293.64
20140820, 28207.58
20140821, 27922.59
20140822, 27803.43
20140825, 27772.24
20140826, 27926.84
20140827, 27849.19
20140828, 28040.34
20140829, 27962.18
20140901, 27946.33
20140902, 27694.54
20140903, 27510.65
20140904, 27516.35
20140905, 27414.94
20140908, 27295.00
20140909, 27270.54
20140910, 27311.27
20140911, 27081.84
20140912, 26916.34
20140915, 27001.03
20140916, 27014.33
20140917, 26936.77
20140918, 26673.97
20140919, 26565.85
20140922, 26456.33
20140923, 26687.11
20140924, 26638.41
20140925, 26643.94
20140926, 26908.83
20140929, 26935.79
20140930, 26936.98
20141001, 26916.05
20141003, 26641.35
20141006, 26606.97
20141007, 26740.74
20141008, 26869.75
20141009, 26951.18
20141010, 26947.63
20141013, 27073.40
20141014, 27188.62
20141016, 27487.44
20141017, 27328.06
20141020, 27374.85
20141021, 27576.44
20141022, 27488.29
20141023, 27238.48
20141024, 27198.07
20141027, 27186.03
20141028, 27172.35
20141029, 27097.54
20141030, 26739.63
20141031, 26140.17
20141103, 26033.79
20141104, 25986.29
20141105, 25529.93
20141106, 25472.31
20141107, 25522.43
20141110, 25873.71
20141111, 25632.07
20141112, 25852.83
20141113, 25813.18
20141114, 25903.46
20141117, 26404.13
20141118, 26593.74
20141119, 26623.97
20141120, 26513.25
20141121, 26508.04
20141124, 26505.10
20141125, 26475.87
20141126, 26413.48
20141127, 26342.15
20141128, 26234.99
20141201, 26167.11
20141202, 26582.82
20141203, 26673.08
20141204, 26667.84
20141205, 26480.17
20141208, 26385.63
20141209, 26848.78
20141210, 27200.55
20141211, 27148.93
20141212, 27151.60
20141215, 27233.82
20141216, 27290.00
20141217, 27106.25
20141218, 26988.18
20141219, 26946.98
20141222, 26826.21
20141223, 26624.04
20141224, 26616.36
20141226, 26951.07
20141229, 26916.38
20141230, 26926.59
20141231, 26833.22
20150101, 26717.95
20150102, 26607.14
20150105, 26889.10
20150106, 27242.47
20150107, 27233.08
20150108, 26874.26
20150109, 26783.57
20150112, 26955.64
20150113, 27144.64
20150114, 27064.98
20150115, 27123.77
20150116, 27563.86
20150119, 27715.03
20150120, 27965.54
20150121, 28092.73
20150122, 27986.02
20150123, 27965.42
20150127, 27763.50
20150128, 27854.94
20150129, 27670.24
20150130, 27646.88
20150202, 27719.15
20150203, 27546.48
20150204, 27445.50
20150205, 27394.89
20150206, 27106.29
20150209, 26919.51
20150210, 26885.55
20150211, 26774.64
20150212, 26627.09
20150213, 26685.38
20150216, 26783.16
20150217, 26380.28
20150218, 26239.45
20150219, 26379.87
20150220, 26295.37
20150223, 26139.94
20150224, 26106.38
20150225, 26218.39
20150226, 26276.54
20150227, 26216.79
20150228, 26339.94
20150302, 26657.68
20150303, 26486.31
20150304, 26505.75
20150305, 26527.20
20150306, 26226.57
20150309, 26067.51
20150310, 25915.76
20150311, 25811.59
20150312, 25709.33
20150313, 25833.87
20150316, 25825.99
20150317, 25681.80
20150318, 25598.35
20150319, 25900.41
20150320, 26043.73
20150323, 26152.50
20150324, 26280.56
20150325, 26387.08
20150326, 26830.73
20150327, 26644.63
20150330, 26403.48
20150331, 26327.46
20150401, 26471.19
20150402, 26594.46
20150406, 26986.56
20150407, 26906.96
20150408, 26811.10
20150409, 26544.37
20150410, 26697.59
20150413, 26721.29
20150414, 26507.07
20150415, 26569.35
20150416, 26727.52
20150417, 26767.12
20150420, 26877.62
20150421, 26865.78
20150422, 26808.50
20150423, 26785.94
20150424, 26814.70
20150427, 26888.63
20150428, 27099.31
20150429, 27178.99
20150430, 26985.44
20150501, 26604.03
20150504, 26850.21
20150505, 26898.53
20150506, 26944.38
20150507, 26949.52
20150508, 26903.09
20150511, 26870.78
20150512, 27073.62
20150513, 27263.12
20150514, 27479.19
20150515, 27394.28
20150518, 27633.72
20150519, 27423.37
20150520, 27276.65
20150521, 27213.54
20150522, 27186.22
20150525, 27152.44
20150526, 27029.76
20150527, 26924.97
20150528, 26873.52
20150529, 26934.69
20150601, 27053.97
20150602, 27108.57
20150603, 27124.73
20150604, 26974.64
20150605, 26734.55
20150608, 26799.08
20150609, 26848.96
20150610, 26960.76
20150611, 26890.59
20150612, 26924.54
20150615, 26912.11
20150616, 26979.10
20150617, 26871.74
20150618, 27101.26
20150619, 27115.57
20150622, 26861.26
20150623, 26698.24
20150624, 26577.75
20150625, 26527.95
20150626, 26508.77
20150629, 26746.27
20150630, 26530.10
20150701, 26459.17
20150702, 26245.53
20150703, 26298.82
20150706, 26288.57
20150707, 26129.91
20150708, 26046.58
20150709, 26143.69
20150710, 26101.81
20150713, 26021.48
20150714, 25964.71
20150715, 25885.90
20150716, 25759.64
20150717, 25621.93
20150720, 25059.39
20150721, 24955.05
20150722, 24674.79
20150723, 24820.08
20150724, 24582.43
20150727, 24932.14
20150728, 24788.31
20150729, 24795.44
20150730, 24739.15
20150731, 24770.01
20150803, 24929.63
20150804, 24813.93
20150805, 24727.45
20150806, 24737.13
20150807, 24846.99
20150810, 25030.67
20150811, 25333.09
20150812, 25799.06
20150813, 25919.51
20150814, 25838.17
20150817, 25988.51
20150818, 25996.31
20150819, 26076.98
20150820, 26589.87
20150821, 27102.79
20150824, 27468.45
20150825, 26968.73
20150826, 26521.88
20150827, 26344.48
20150828, 26549.68
20150831, 26656.99
20150901, 26864.69
20150902, 26724.93
20150903, 26480.30
20150904, 26528.27
20150907, 26554.31
20150908, 26461.22
20150909, 26252.95
20150910, 26165.07
20150911, 26059.61
20150914, 26041.55
20150915, 26015.02
20150916, 26170.99
20150917, 26201.89
20150918, 26466.13
20150921, 26426.94
20150922, 26316.83
20150923, 26364.52
20150924, 26779.90
20150925, 26747.14
20150928, 26549.01
20150929, 26370.40
20150930, 26080.80
20151001, 26030.51
20151005, 26385.36
20151006, 26563.81
20151007, 26596.93
20151008, 26456.48
20151009, 26590.16
20151012, 26827.90
20151013, 26847.15
20151014, 27107.13
20151015, 27247.10
20151016, 27139.93
20151019, 26984.05
20151020, 27072.61
20151021, 27076.06
20151022, 26914.33
20151023, 26913.21
20151026, 26844.40
20151027, 26866.77
20151028, 27060.28
20151029, 26753.67
20151030, 26541.13
20151102, 26468.30
20151103, 26240.79
20151104, 25922.23
20151105, 25817.16
20151106, 25668.14
20151109, 25697.74
20151110, 25624.42
20151111, 25506.33
20151112, 25378.37
20151113, 25409.11
20151116, 25550.55
20151117, 25194.05
20151118, 25093.36
20151119, 25258.85
20151120, 25358.23
20151123, 25164.16
20151124, 25274.58
20151125, 25220.87
20151126, 25310.96
20151127, 25169.65
20151130, 25079.12
20151201, 25334.87
20151202, 25193.68
20151203, 25074.08
20151204, 25451.83
20151207, 25628.82
20151208, 25483.53
20151209, 25588.75
20151210, 25463.29
20151211, 25463.95
20151214, 25482.91
20151215, 25301.83
20151216, 25356.39
20151217, 25032.96
20151218, 24997.20
20151221, 25256.11
20151222, 25319.89
20151223, 25151.90
20151224, 25174.02
20151228, 25152.20
20151229, 25199.54
20151230, 25091.17
20151231, 24930.61
20160101, 24970.92
20160104, 25314.93
20160105, 25410.38
20160106, 25634.82
20160107, 25986.14
20160108, 25938.08
20160111, 25990.54
20160112, 25785.77
20160113, 25621.52
20160114, 25859.96
20160115, 25972.43
20160118, 26041.11
20160119, 25976.52
20160120, 26354.11
20160121, 26330.95
20160122, 26179.98
20160125, 26359.59
20160127, 26747.04
20160128, 26759.22
20160129, 26618.18
20160201, 26847.68
20160202, 26960.77
20160203, 27131.87
20160204, 27325.03
20160205, 27442.25
20160208, 28058.44
20160209, 28365.60
20160210, 28202.64
20160211, 29372.10
20160212, 29533.60
20160215, 28794.80
20160216, 28818.60
20160217, 28881.01
20160218, 28969.60
20160219, 29469.24
20160222, 28985.17
20160223, 29243.46
20160224, 29594.20
20160225, 29629.87
20160226, 29496.76
20160229, 29585.59
20160301, 29556.36
20160302, 29220.84
20160303, 29429.88
20160304, 29800.20
20160307, 29805.49
20160308, 30000.67
20160309, 29553.51
20160310, 29498.03
20160311, 29714.90
20160314, 29410.76
20160315, 29057.55
20160316, 29041.21
20160317, 29481.31
20160318, 29238.90
20160321, 28966.79
20160322, 29153.96
20160323, 28745.08
20160324, 28636.41
20160328, 28463.26
20160329, 28575.41
20160330, 28668.83
20160331, 28635.51
20160401, 28603.00
20160404, 28381.25
20160405, 28753.49
20160406, 28706.45
20160407, 28939.94
20160408, 28981.01
20160411, 29273.96
20160412, 29368.48
20160413, 29169.92
20160414, 28904.94
20160415, 28913.04
20160418, 29068.28
20160419, 29281.33
20160420, 29293.16
20160421, 29487.03
20160422, 29272.74
20160425, 29186.14
20160426, 29155.10
20160427, 29341.95
20160428, 29549.76
20160429, 30085.05
20160502, 30378.14
20160503, 30298.51
20160504, 30124.07
20160505, 30054.72
20160506, 30240.97
20160509, 29986.03
20160510, 29767.39
20160511, 29981.86
20160512, 29891.20
20160513, 29946.76
20160516, 30134.44
20160517, 30016.24
20160518, 30012.77
20160519, 29743.79
20160520, 29780.96
20160523, 29671.29
20160524, 29515.77
20160525, 29032.61
20160526, 28972.54
20160527, 28718.39
20160530, 28593.09
20160531, 28788.01
20160601, 28990.27
20160602, 28930.49
20160603, 29204.44
20160606, 29433.41
20160607, 29318.23
20160608, 29570.10
20160609, 29773.56
20160610, 29965.48
20160613, 30366.59
20160614, 30442.98
20160615, 30423.22
20160616, 30974.21
20160617, 30472.24
20160620, 30528.85
20160621, 30414.06
20160622, 30153.26
20160623, 29995.42
20160624, 31538.73
20160627, 31600.56
20160628, 31296.11
20160629, 31354.36
20160630, 31217.57
20160701, 31511.69
20160704, 31801.74
20160705, 31779.33
20160706, 32229.60
20160707, 31981.96
20160708, 31684.53
20160711, 31702.62
20160712, 31376.83
20160713, 31249.20
20160714, 30953.61
20160715, 30999.57
20160718, 31015.88
20160719, 31061.55
20160720, 30902.18
20160721, 30863.71
20160722, 30907.82
20160725, 30821.43
20160726, 30909.31
20160727, 30926.21
20160728, 31265.70
20160729, 31328.74
20160801, 31514.30
20160802, 31709.68
20160803, 31817.05
20160804, 31723.42
20160805, 31502.91
20160808, 31133.50
20160809, 31172.72
20160810, 31460.83
20160811, 31375.19
20160812, 31332.82
20160816, 31423.40
20160817, 31364.32
20160818, 31459.35
20160819, 31422.77
20160822, 31300.99
20160823, 31361.71
20160824, 31206.07
20160825, 30969.41
20160826, 31080.57
20160829, 30992.13
20160830, 30944.01
20160831, 30772.43
20160901, 30737.41
20160902, 30872.30
20160905, 30969.30
20160906, 31115.71
20160907, 31355.75
20160908, 31302.03
20160909, 31218.55
20160912, 31105.68
20160913, 31104.56
20160914, 31053.15
20160915, 30987.47
20160916, 30868.39
20160919, 30926.08
20160920, 30952.32
20160921, 31116.29
20160922, 31277.99
20160923, 31286.54
20160926, 31302.27
20160927, 31121.39
20160928, 30972.45
20160929, 31098.75
20160930, 31122.62
20161003, 30907.61
20161004, 30479.46
20161005, 29978.37
20161006, 29766.01
20161007, 29635.82
20161010, 29715.09
20161011, 29707.01
20161012, 29671.01
20161013, 29795.01
20161014, 29631.22
20161017, 29672.77
20161018, 29770.64
20161019, 29888.48
20161020, 29961.01
20161021, 29902.62
20161024, 29811.90
20161025, 29863.01
20161026, 29912.74
20161027, 29901.15
20161028, 29922.72
20161030, 30052.43
20161031, 29965.0
20161101, 30178.14
20161102, 30494.15
20161103, 30406.30
20161104, 30520.32
20161107, 30188.10
20161108, 30042.21
20161109, 30603.40
20161110, 29998.15
20161111, 29663.63
20161114, 29389.95
20161115, 29313.79
20161116, 29373.83
20161117, 29289.33
20161118, 28909.28
20161121, 29078.35
20161122, 29162.40
20161123, 28954.14
20161124, 28707.38
20161125, 28535.82
20161128, 28749.24
20161129, 28637.82
20161130, 28466.07
20161201, 28060.04
20161202, 28087.01
20161205, 27967.62
20161206, 27931.63
20161207, 27910.96
20161208, 27832.34
20161209, 27677.61
20161212, 27544.45
20161213, 27554.27
20161214, 27612.98
20161215, 27095.10
20161216, 27115.73
20161219, 27222.37
20161220, 27100.73
20161221, 27092.11
20161222, 26957.83
20161223, 26960.46
20161226, 26969.90
20161227, 27216.75
20161228, 27277.06
20161229, 27443.86
20161230, 27541.95
20170102, 27523.33
20170103, 27608.29
20170104, 27722.69
20170105, 27882.09
20170106, 27885.93
20170109, 27942.75
20170110, 28116.85
20170111, 28214.20
20170112, 28426.40
20170113, 28341.67
20170116, 28539.24
20170117, 28700.46
20170118, 28752.92
20170119, 28563.48
20170120, 28614.69
20170123, 28788.70
20170124, 28745.06
20170125, 28497.86
20170127, 28196.27
20170130, 28409.19
20170131, 28702.50
20170201, 28804.39
20170202, 28938.43
20170203, 28847.48
20170206, 29072.42
20170207, 29278.72
20170208, 29336.36
20170209, 29237.84
20170210, 29034.62
20170213, 29071.64
20170214, 29075.18
20170215, 29017.54
20170216, 29311.90
20170217, 29380.03
20170220, 29251.48
20170221, 29191.10
20170222, 29253.89
20170223, 29352.39
20170224, 29597.16
20170227, 29640.60
20170228, 29565.45
20170301, 29377.92
20170302, 29293.02
20170303, 29065.18
20170306, 29068.42
20170307, 28847.99
20170308, 28673.40
20170309, 28501.09
20170310, 28336.16
20170313, 28264.50
20170314, 28159.48
20170315, 27973.31
20170316, 28438.08
20170317, 28491.83
20170320, 28540.99
20170321, 28581.46
20170322, 28867.43
20170323, 28855.34
20170324, 28778.84
20170327, 28880.55
20170328, 28837.89
20170329, 28696.69
20170330, 28671.07
20170331, 28582.21
20170403, 28778.11
20170404, 29054.14
20170405, 28872.64
20170406, 28815.36
20170407, 28859.07
20170410, 28710.25
20170411, 28974.47
20170412, 29237.61
20170413, 29353.22
20170417, 29430.25
20170418, 29376.97
20170419, 29315.07
20170420, 29260.14
20170421, 29329.14
20170424, 29076.15
20170425, 28913.56
20170426, 28727.17
20170427, 28772.76
20170428, 28850.48
20170501, 28758.37
20170502, 28600.85
20170503, 28522.22
20170504, 28159.04
20170505, 28163.18
20170508, 28128.20
20170509, 28075.82
20170510, 28068.57
20170511, 28000.15
20170512, 28049.60
20170515, 28068.46
20170516, 28095.72
20170517, 28412.28
20170518, 28813.70
20170519, 28659.69
20170522, 28703.52
20170523, 28869.81
20170524, 28702.92
20170525, 28710.83
20170526, 28831.53
20170529, 28897.10
20170530, 28884.02
20170531, 28839.26
20170601, 28918.67
20170602, 28966.80
20170605, 29230.27
20170606, 29468.71
20170607, 29477.21
20170608, 29227.83
20170609, 29010.63
20170612, 28988.70
20170613, 28900.61
20170614, 28986.26
20170615, 28792.65
20170616, 28738.58
20170619, 28594.29
20170620, 28537.38
20170621, 28567.88
20170622, 28685.47
20170623, 28745.23
20170626, 28450.14
20170627, 28573.82
20170628, 28642.32
20170629, 28539.28
20170630, 28483.34
20170703, 28259.39
20170704, 28139.13
20170705, 28105.75
20170706, 28134.55
20170707, 27932.16
20170710, 27706.02
20170711, 27756.49
20170712, 27897.81
20170713, 27882.76
20170714, 27921.77
20170717, 28084.65
20170718, 28214.45
20170719, 28222.97
20170720, 28245.73
20170721, 28424.59
20170724, 28559.77
20170725, 28496.05
20170726, 28367.10
20170727, 28549.07
20170728, 28600.45
20170731, 28663.32
20170801, 28709.90
20170802, 28588.43
20170803, 28477.40
20170804, 28494.83
20170807, 28411.55
20170808, 28430.00
20170809, 28714.35
20170810, 29063.88
20170811, 29206.08
20170814, 29087.48
20170816, 28888.62
20170817, 29155.60
20170818, 29275.40
20170821, 29184.80
20170822, 29129.58
20170823, 29144.83
20170824, 29108.49
20170825, 29097.48
20170828, 29325.75
20170829, 29792.97
20170830, 29552.29
20170831, 29574.43
20170901, 29779.77
20170904, 30138.53
20170905, 30128.79
20170906, 30198.17
20170907, 30201.93
20170908, 30358.52
20170911, 30018.93
20170912, 29888.60
20170913, 29949.70
20170914, 29887.61
20170915, 29929.57
20170918, 29666.22
20170919, 29620.32
20170920, 29753.84
20170921, 29537.52
20170922, 29646.12
20170925, 29783.52
20170926, 30015.17
20170927, 29800.40
20170928, 29640.20
20170929, 29664.27
20171003, 29496.28
20171004, 29475.96
20171005, 29433.23
20171006, 29429.62
20171009, 29713.79
20171010, 29812.02
20171011, 29774.09
20171012, 29831.84
20171013, 29810.43
20171016, 29908.24
20171017, 29683.29
20171018, 29591.09
20171019, 29663.49
20171020, 29582.45
20171023, 29469.22
20171024, 29522.38
20171025, 29397.01
20171026, 29359.71
20171027, 29265.61
20171030, 29300.73
20171031, 29250.82
20171101, 29221.19
20171102, 29268.15
20171103, 29185.16
20171106, 29229.69
20171107, 29408.02
20171108, 29502.73
20171109, 29570.50
20171110, 29593.69
20171113, 29574.48
20171114, 29543.42
20171115, 29627.03
20171116, 29499.05
20171117, 29517.86
20171120, 29588.08
20171121, 29377.06
20171122, 29433.67
20171123, 29473.78
20171124, 29446.63
20171127, 29499.13
20171128, 29442.02
20171129, 29376.03
20171130, 29238.02
20171201, 29288.82
20171204, 29147.59
20171205, 29050.01
20171206, 28983.48
20171207, 28777.66
20171208, 28545.01
20171211, 28443.43
20171212, 28195.37
20171213, 28165.30
20171214, 28339.59
20171215, 28298.86
20171218, 28391.67
20171219, 28443.44
20171220, 28475.20
20171221, 28492.83
20171222, 28571.84
20171226, 28764.87
20171227, 28900.17
