Date,NextDayPrice 
20071228, 20301.05
20071231, 20158.11
20080102, 20323.27
20080103, 20393.09
20080104, 20383.02
20080107, 20367.93
20080108, 20637.21
20080109, 20970.07
20080110, 20903.00
20080111, 20930.27
20080114, 20702.93
20080115, 20918.23
20080116, 20836.47
20080117, 20079.89
20080118, 19972.75
20080121, 19579.60
20080122, 18919.57
20080123, 16884.08
20080124, 17520.01
20080125, 17920.98
20080128, 17504.00
20080129, 18011.89
20080130, 18346.49
20080131, 18120.22
20080201, 17810.13
20080204, 17820.66
20080205, 18496.02
20080206, 18592.58
20080207, 18247.02
20080208, 18198.67
20080211, 17610.07
20080212, 17427.33
20080213, 16812.63
20080214, 16816.93
20080215, 17265.18
20080218, 17541.16
20080219, 18228.21
20080220, 18215.25
20080221, 17991.28
20080222, 17825.22
20080225, 17503.03
20080226, 17523.81
20080227, 17799.56
20080228, 17983.41
20080229, 17810.51
20080303, 17779.53
20080304, 17227.56
20080305, 16742.19
20080307, 16328.91
20080310, 16211.95
20080311, 15684.24
20080312, 15778.26
20080313, 16541.14
20080314, 15873.28
20080317, 15467.38
20080318, 15326.92
20080319, 14725.67
20080324, 15325.79
20080325, 15093.76
20080326, 15612.61
20080327, 16270.12
20080328, 15950.29
20080331, 16100.25
20080401, 16226.66
20080402, 15771.71
20080403, 16023.29
20080404, 15805.62
20080407, 15896.08
20080408, 15390.15
20080409, 15770.16
20080410, 15512.70
20080411, 15754.87
20080415, 15840.55
20080416, 15694.41
20080417, 16288.75
20080421, 16456.03
20080422, 16611.41
20080423, 16686.55
20080424, 16823.99
20080425, 16796.25
20080428, 16781.97
20080429, 17251.56
20080430, 17050.86
20080502, 17479.00
20080505, 17560.15
20080506, 17687.00
20080507, 17441.41
20080508, 17404.15
20080509, 17212.60
20080512, 17020.78
20080513, 16641.44
20080514, 17008.02
20080515, 16691.30
20080516, 17084.89
20080520, 17476.41
20080521, 17366.05
20080522, 17065.60
20080523, 17104.58
20080526, 16958.80
20080527, 16468.32
20080528, 16454.75
20080529, 16358.62
20080530, 16666.02
20080602, 16454.02
20080603, 16591.46
20080604, 15851.71
20080605, 15992.90
20080606, 15479.65
20080609, 15914.41
20080610, 15115.96
20080611, 14979.95
20080612, 15018.67
20080613, 14957.53
20080616, 15327.09
20080617, 15400.57
20080618, 15388.36
20080619, 15744.20
20080620, 15250.46
20080623, 15194.73
20080624, 14423.04
20080625, 14290.16
20080626, 13776.20
20080627, 14300.71
20080630, 14127.75
20080701, 13791.01
20080702, 13480.01
20080703, 12948.04
20080704, 13458.29
20080707, 13097.00
20080708, 13561.91
20080709, 13226.04
20080710, 13581.41
20080711, 13851.58
20080714, 14063.45
20080715, 13333.03
20080716, 13067.08
20080717, 12759.75
20080718, 12909.57
20080721, 13234.53
20080722, 13782.12
20080723, 13837.63
20080724, 14568.21
20080725, 15082.37
20080728, 14451.95
20080729, 14267.03
20080730, 14085.53
20080731, 14007.32
20080801, 14359.48
20080804, 14064.25
20080805, 14594.63
20080806, 14562.67
20080807, 15263.65
20080808, 15031.86
20080811, 15036.57
20080812, 15430.30
20080813, 15577.20
20080814, 15030.20
20080818, 15017.67
20080819, 14681.13
20080820, 14517.75
20080821, 14610.57
20080822, 14646.98
20080825, 14153.38
20080826, 14643.37
20080827, 14338.26
20080828, 14563.09
20080829, 14289.96
20080901, 14279.01
20080902, 14412.99
20080904, 14609.44
20080905, 14895.84
20080908, 14569.00
20080909, 15038.05
20080910, 14814.33
20080911, 14717.53
20080912, 14557.33
20080915, 14433.20
20080916, 13592.04
20080917, 13051.73
20080918, 13620.74
20080919, 12712.82
20080922, 13763.83
20080923, 14215.33
20080924, 13721.41
20080925, 13636.70
20080926, 13716.87
20080929, 13486.20
20080930, 13109.95
20081001, 12178.17
20081003, 13006.71
20081006, 12851.46
20081007, 12284.49
20081008, 12068.11
20081010, 11316.24
20081013, 10632.26
20081014, 10817.67
20081015, 11781.42
20081016, 11245.26
20081017, 10221.53
20081020, 10763.33
20081021, 10160.46
20081022, 10428.11
20081023, 10455.23
20081024, 9683.259
20081027, 9497.480
20081029, 8588.860
20081031, 9056.969
20081103, 9361.660
20081104, 10209.37
20081105, 10304.57
20081106, 10931.16
20081107, 9755.030
20081110, 9631.589
20081111, 10154.55
20081112, 10386.45
20081114, 9683.750
20081117, 9784.849
20081118, 9396.929
20081119, 9084.120
20081120, 8970.669
20081121, 8400.879
20081124, 8481.019
20081125, 8840.530
20081126, 9170.280
20081128, 8806.019
20081201, 8889.179
20081202, 9162.940
20081203, 8535.830
20081204, 8851.219
20081205, 8779.019
20081208, 9172.580
20081210, 9276.889
20081211, 9349.530
20081212, 9679.320
20081215, 9370.870
20081216, 9821.849
20081217, 9794.480
20081218, 10073.09
20081219, 9710.200
20081222, 10001.33
20081223, 10102.41
20081224, 9813.200
20081226, 9626.070
20081229, 9655.070
20081230, 9318.860
20081231, 9625.129
20090102, 9806.639
20090105, 9973.059
20090106, 10124.91
20090107, 10241.50
20090109, 10424.95
20090112, 9434.849
20090113, 9306.740
20090114, 9042.360
20090115, 9223.160
20090116, 9000.620
20090119, 9125.650
20090120, 9365.040
20090121, 9159.759
20090122, 8900.780
20090123, 8905.969
20090127, 8804.150
20090128, 8803.070
20090129, 9077.650
20090130, 9340.589
20090202, 9111.120
20090203, 9363.580
20090204, 9128.990
20090205, 9226.200
20090206, 9241.559
20090209, 9161.490
20090210, 9359.000
20090211, 9589.950
20090212, 9462.139
20090213, 9559.030
20090216, 9540.599
20090217, 9637.040
20090218, 9213.400
20090219, 8939.379
20090220, 9034.900
20090224, 8943.780
20090225, 8707.349
20090226, 8913.440
20090227, 8905.559
20090302, 8944.110
20090303, 8762.879
20090304, 8583.059
20090305, 8473.250
20090306, 8535.030
20090309, 8103.750
20090312, 8259.219
20090313, 8274.780
20090316, 8480.740
20090317, 8793.889
20090318, 8942.009
20090319, 8956.299
20090320, 9023.040
20090323, 8951.339
20090324, 9040.299
20090325, 9549.519
20090326, 9442.299
20090327, 9739.929
20090330, 10036.79
20090331, 9902.349
20090401, 9633.209
20090402, 9745.769
20090406, 10107.25
20090408, 10521.78
20090409, 10283.58
20090413, 10876.15
20090415, 10916.42
20090416, 10805.13
20090417, 11358.05
20090420, 11067.70
20090421, 11065.09
20090422, 10765.38
20090423, 10968.59
20090424, 10841.57
20090427, 11149.46
20090428, 11237.41
20090429, 11371.33
20090504, 11091.55
20090505, 11635.24
20090506, 12159.74
20090507, 12100.69
20090508, 12064.50
20090511, 12092.96
20090512, 11997.37
20090513, 11629.96
20090514, 12201.92
20090515, 11774.04
20090518, 11948.70
20090519, 13479.38
20090520, 14757.82
20090521, 14230.73
20090522, 14043.37
20090525, 13663.54
20090526, 13999.44
20090527, 13983.25
20090528, 13851.84
20090529, 14139.13
20090601, 14384.75
20090602, 14790.88
20090603, 14942.20
20090604, 14902.62
20090605, 14755.08
20090608, 15040.24
20090609, 15153.20
20090610, 14618.98
20090611, 15168.17
20090612, 15517.36
20090615, 15446.82
20090616, 15195.83
20090617, 14788.26
20090618, 14978.50
20090619, 14503.04
20090622, 14321.98
20090623, 14591.28
20090624, 14147.87
20090625, 14388.20
20090626, 14476.15
20090629, 14373.57
20090630, 14764.63
20090701, 14785.74
20090702, 14493.83
20090703, 14694.30
20090706, 14552.71
20090707, 14962.12
20090708, 14103.65
20090709, 14039.58
20090710, 13796.19
20090713, 13803.12
20090714, 13405.95
20090715, 13549.41
20090716, 13917.26
20090717, 14351.96
20090720, 14325.58
20090721, 14854.16
20090722, 15218.83
20090723, 15124.91
20090724, 15008.78
20090727, 15272.00
20090728, 15350.88
20090729, 15428.50
20090730, 15293.19
20090731, 15169.23
20090803, 15449.46
20090804, 15694.78
20090805, 15940.09
20090806, 15882.38
20090807, 15881.46
20090810, 15440.95
20090811, 15287.13
20090812, 15000.37
20090813, 14953.44
20090814, 15207.95
20090817, 15530.37
20090818, 15284.23
20090819, 14745.79
20090820, 15079.04
20090821, 14930.04
20090824, 14951.49
20090825, 15362.92
20090826, 15573.91
20090827, 15763.08
20090828, 15711.79
20090831, 15770.19
20090901, 15812.15
20090902, 15691.26
20090903, 15482.04
20090904, 15539.33
20090907, 15425.86
20090908, 15793.26
20090909, 16030.55
20090910, 16111.08
20090911, 16295.91
20090914, 16254.57
20090915, 16185.25
20090916, 16255.41
20090917, 16498.58
20090918, 16686.38
20090922, 16650.05
20090923, 16805.22
20090924, 16905.50
20090925, 16634.08
20090929, 16679.99
20090930, 16829.10
20091001, 16868.46
20091005, 17186.19
20091006, 17062.00
20091007, 16879.38
20091008, 17069.41
20091009, 16908.01
20091012, 16915.96
20091014, 16687.32
20091015, 17117.90
20091016, 17274.07
20091020, 17196.80
20091021, 17414.80
20091022, 17229.72
20091023, 17031.53
20091026, 16795.66
20091027, 16808.05
20091028, 16699.08
20091029, 16335.78
20091030, 16191.38
20091103, 16135.87
20091104, 15838.62
20091105, 15487.96
20091106, 15926.12
20091109, 16137.41
20091110, 16190.79
20091111, 16552.42
20091112, 16444.43
20091113, 16822.17
20091116, 16693.15
20091117, 16893.10
20091118, 17036.23
20091119, 17032.00
20091120, 17004.98
20091123, 16772.75
20091124, 17067.14
20091125, 17230.85
20091126, 17149.08
20091127, 17199.05
20091130, 16718.80
20091201, 16655.75
20091202, 16947.46
20091203, 17226.49
20091204, 17199.64
20091207, 17182.23
20091208, 17106.74
20091209, 16984.53
20091210, 17204.32
20091211, 17107.00
20091214, 17199.74
20091215, 17118.14
20091216, 17150.58
20091217, 16866.94
20091218, 16912.25
20091221, 16855.91
20091222, 16724.83
20091223, 16633.81
20091224, 16723.96
20091229, 17265.47
20091230, 17388.66
20091231, 17402.24
20100104, 17365.36
20100105, 17473.44
20100106, 17555.76
20100107, 17719.47
20100108, 17701.97
20100111, 17603.86
20100112, 17724.58
20100113, 17534.09
20100114, 17368.02
20100115, 17525.71
20100118, 17604.31
20100119, 17538.72
20100120, 17650.82
20100121, 17486.68
20100122, 17474.49
20100125, 16978.35
20100127, 16847.69
20100128, 16708.59
20100129, 16317.16
20100201, 16253.82
20100202, 16339.32
20100203, 16368.44
20100204, 16210.25
20100205, 16500.28
20100208, 16222.55
20100209, 15931.33
20100210, 15940.73
20100211, 16042.17
20100215, 15928.28
20100216, 16186.90
20100217, 16042.17
20100218, 16228.91
20100219, 16421.19
20100222, 16256.53
20100223, 16191.32
20100224, 16213.13
20100225, 16218.67
20100226, 16264.09
20100302, 16255.33
20100303, 16438.44
20100304, 16778.28
20100305, 17013.67
20100308, 16988.28
20100309, 17034.91
20100310, 17089.22
20100311, 17072.93
20100312, 17087.63
20100315, 17176.01
20100316, 17166.97
20100317, 17169.83
20100318, 17389.47
20100319, 17492.81
20100322, 17531.47
20100323, 17481.96
20100325, 17422.50
20100326, 17458.50
20100329, 17558.84
20100330, 17639.17
20100331, 17703.66
20100401, 17602.39
20100405, 17555.03
20100406, 17693.66
20100407, 17940.32
20100408, 17915.59
20100409, 17950.56
20100412, 17715.16
20100413, 17874.16
20100415, 17831.38
20100416, 17804.55
20100419, 17645.91
20100420, 17584.85
20100421, 17394.67
20100422, 17458.75
20100423, 17476.48
20100426, 17533.88
20100427, 17692.25
20100428, 17744.92
20100429, 17643.58
20100430, 17382.08
20100503, 17503.47
20100504, 17536.85
20100505, 17371.75
20100506, 17103.94
20100507, 17080.47
20100510, 16939.58
20100511, 16799.49
20100512, 17336.13
20100513, 17141.52
20100514, 17323.63
20100517, 17267.25
20100518, 16961.91
20100519, 16840.58
20100520, 16802.39
20100521, 16419.09
20100524, 16317.94
20100525, 16494.60
20100526, 16444.57
20100527, 16069.78
20100528, 16410.88
20100531, 16692.66
20100601, 16872.16
20100602, 16942.82
20100603, 16574.78
20100604, 16786.27
20100607, 17036.55
20100608, 17069.76
20100609, 16760.59
20100610, 16621.11
20100611, 16668.91
20100614, 16994.07
20100615, 17118.74
20100616, 17355.49
20100617, 17500.30
20100618, 17490.51
20100621, 17628.01
20100622, 17654.81
20100623, 17868.11
20100624, 17694.86
20100625, 17750.50
20100628, 17705.10
20100629, 17577.66
20100630, 17777.94
20100701, 17476.84
20100702, 17679.33
20100705, 17523.47
20100706, 17473.83
20100707, 17402.67
20100708, 17623.66
20100709, 17536.48
20100712, 17667.84
20100713, 17875.97
20100714, 17908.30
20100715, 18024.94
20100716, 17874.71
20100719, 17911.13
20100720, 17914.11
20100721, 17918.42
20100722, 17873.91
20100723, 17978.36
20100726, 18132.28
20100727, 18056.24
20100728, 17998.74
20100729, 18077.84
20100730, 17961.58
20100802, 17981.06
20100803, 17911.31
20100804, 18149.90
20100805, 18115.56
20100806, 18234.84
20100809, 18165.49
20100810, 18141.10
20100811, 18272.27
20100812, 18177.34
20100813, 17972.65
20100816, 18080.28
20100817, 18169.80
20100818, 18049.18
20100819, 18067.66
20100820, 18276.50
20100823, 18444.24
20100824, 18400.33
20100825, 18407.00
20100826, 18308.50
20100827, 18194.77
20100830, 18205.90
20100831, 18063.48
20100901, 18015.66
20100902, 18027.11
20100903, 18215.27
20100906, 18238.08
20100907, 18124.28
20100908, 18571.73
20100909, 18627.66
20100913, 18669.11
20100914, 18845.31
20100915, 19218.13
20100916, 19343.74
20100917, 19476.92
20100920, 19436.71
20100921, 19445.41
20100922, 19925.78
20100923, 20039.42
20100924, 19944.30
20100927, 19836.42
20100928, 20082.25
20100929, 20114.36
20100930, 20086.89
20101001, 19931.49
20101004, 20094.09
20101005, 20501.21
20101006, 20461.98
20101007, 20448.68
20101008, 20544.30
20101011, 20297.58
20101012, 20250.25
20101013, 20357.78
20101014, 20223.44
20101015, 20700.41
20101018, 20518.50
20101019, 20160.55
20101020, 20298.55
20101021, 19924.01
20101022, 19951.33
20101025, 20334.14
20101026, 20199.73
20101027, 20325.43
20101028, 20220.58
20101029, 20116.49
20101101, 19986.32
20101102, 20272.49
20101103, 20407.17
20101104, 20472.85
20101108, 20605.63
20101109, 21045.66
20101110, 20851.91
20101111, 20917.53
20101112, 20930.44
20101115, 20529.74
20101116, 20167.61
20101118, 20371.73
20101119, 19997.83
20101122, 19982.75
20101123, 19713.83
20101124, 19841.41
20101125, 19735.27
20101126, 19560.25
20101129, 19391.96
20101130, 19230.33
20101201, 19373.23
20101202, 19529.99
20101203, 20038.66
20101206, 20007.89
20101207, 20038.25
20101208, 19982.90
20101209, 19874.30
20101210, 19746.15
20101213, 19201.89
20101214, 19600.27
20101215, 19746.75
20101216, 19791.22
20101220, 19698.58
20101221, 19770.01
20101222, 19925.75
20101223, 20118.82
20101224, 20038.83
20101227, 19911.46
20101228, 20062.59
20101229, 20056.47
20101230, 20060.88
20101231, 20274.11
20110103, 20412.75
20110104, 20621.60
20110105, 20617.38
20110106, 20509.94
20110107, 20395.50
20110110, 20163.84
20110111, 19714.41
20110112, 19279.76
20110113, 19353.33
20110114, 19492.30
20110117, 19198.03
20110118, 18911.42
20110119, 18983.19
20110120, 19153.31
20110121, 18892.42
20110124, 19007.08
20110125, 19095.68
20110127, 19227.41
20110128, 19086.68
20110131, 18708.61
20110201, 18226.21
20110202, 18425.17
20110203, 18216.91
20110204, 18113.73
20110207, 18450.07
20110208, 18135.01
20110209, 18141.50
20110210, 17723.99
20110211, 17603.28
20110214, 17519.13
20110215, 17940.16
20110216, 18260.08
20110217, 18273.06
20110218, 18345.11
20110221, 18564.08
20110222, 18238.53
20110223, 18390.72
20110224, 18233.76
20110225, 18135.11
20110228, 17775.08
20110301, 17811.08
20110303, 17982.27
20110304, 18318.32
20110307, 18622.69
20110308, 18361.65
20110309, 18277.33
20110310, 18522.80
20110311, 18430.83
20110314, 18248.10
20110315, 18167.09
20110316, 18113.78
20110317, 18263.67
20110318, 18227.16
20110321, 18251.17
20110322, 17984.72
20110323, 17929.08
20110324, 17972.03
20110325, 18286.41
20110328, 18480.68
20110329, 18799.71
20110330, 18949.57
20110331, 19178.76
20110401, 19339.75
20110404, 19463.10
20110405, 19473.92
20110406, 19731.38
20110407, 19698.60
20110408, 19620.88
20110411, 19602.81
20110413, 19382.91
20110415, 19187.00
20110418, 19670.07
20110419, 19389.74
20110420, 19091.77
20110421, 19274.21
20110425, 19582.50
20110426, 19538.51
20110427, 19596.32
20110428, 19610.71
20110429, 19532.84
20110502, 19292.57
20110503, 19224.05
20110504, 18979.31
20110505, 18558.33
20110506, 18484.71
20110509, 18289.77
20110510, 18628.63
20110511, 18564.94
20110512, 18572.60
20110513, 18525.32
20110516, 18362.44
20110517, 18492.67
20110518, 18374.44
20110519, 18177.32
20110520, 18166.64
20110523, 18199.96
20110524, 18269.06
20110525, 18016.42
20110526, 17976.35
20110527, 17917.10
20110530, 18105.60
20110531, 18319.74
20110601, 18266.60
20110602, 18527.11
20110603, 18425.84
20110606, 18554.40
20110607, 18344.26
20110608, 18355.30
20110609, 18448.40
20110610, 18394.57
20110613, 18390.41
20110614, 18242.25
20110615, 18276.77
20110616, 18298.58
20110617, 18060.10
20110620, 18060.16
20110621, 17925.16
20110622, 17574.36
20110623, 17659.36
20110624, 17526.91
20110627, 17804.93
20110628, 18132.69
20110629, 18493.58
20110630, 18552.18
20110701, 18741.09
20110704, 18974.96
20110705, 18896.24
20110706, 18837.88
20110707, 18730.28
20110708, 18776.61
20110711, 19084.06
20110712, 18823.18
20110713, 18534.10
20110714, 18468.82
20110715, 18563.68
20110718, 18694.18
20110719, 18592.18
20110720, 18521.38
20110721, 18756.31
20110722, 18514.65
20110725, 18565.03
20110726, 18753.34
20110727, 18898.18
20110728, 18571.15
20110729, 18300.55
20110801, 18194.15
20110802, 18352.23
20110803, 18283.55
20110804, 17970.18
20110805, 17983.85
20110808, 17350.36
20110809, 16907.57
20110810, 16517.86
20110811, 17244.71
20110812, 17056.60
20110816, 17246.88
20110817, 17015.99
20110818, 16782.24
20110819, 16910.26
20110822, 16237.78
20110823, 16155.99
20110824, 16446.84
20110825, 16490.77
20110826, 16338.13
20110829, 16155.54
20110830, 16080.74
20110902, 16585.09
20110905, 16963.66
20110906, 16678.33
20110907, 16663.73
20110908, 16922.31
20110909, 17118.08
20110912, 17189.75
20110913, 16668.25
20110914, 16618.16
20110915, 16522.71
20110916, 16837.75
20110919, 17047.73
20110920, 16865.92
20110921, 16768.63
20110922, 17128.83
20110923, 16827.84
20110926, 16222.37
20110927, 16209.19
20110928, 16289.32
20110929, 16663.25
20110930, 16387.91
20111003, 16599.74
20111004, 16255.96
20111005, 16081.76
20111007, 15967.71
20111010, 16222.49
20111011, 16270.07
20111012, 16668.15
20111013, 16660.42
20111014, 17048.00
20111017, 16836.83
20111018, 17176.05
20111019, 16817.38
20111020, 16883.35
20111021, 16911.84
20111024, 16975.78
20111025, 17011.06
20111028, 17012.78
20111031, 17336.33
20111101, 17806.21
20111102, 17540.55
20111103, 17347.69
20111104, 17430.68
20111108, 17674.69
20111109, 17593.66
20111111, 17641.98
20111114, 17187.89
20111115, 17348.51
20111116, 17081.61
20111117, 16872.30
20111118, 16754.67
20111121, 16387.69
20111122, 16297.03
20111123, 15995.69
20111124, 15969.59
20111125, 15715.80
20111128, 15781.25
20111129, 15890.79
20111130, 16210.37
20111201, 15868.95
20111202, 16555.92
20111205, 16493.98
20111207, 16812.30
20111208, 16830.03
20111209, 16819.74
20111212, 16258.44
20111213, 16354.95
20111214, 15778.62
20111215, 15963.75
20111216, 15739.04
20111219, 15868.78
20111220, 15440.09
20111221, 15436.12
20111222, 15487.75
20111223, 15546.66
20111226, 15863.42
20111227, 15782.16
20111228, 15983.98
20111229, 15854.36
20111230, 15658.94
20120102, 15583.54
20120103, 15534.66
20120104, 15640.55
20120105, 15967.49
20120106, 15893.07
20120109, 15789.08
20120110, 15840.21
20120111, 15898.32
20120112, 16222.37
20120113, 16117.19
20120116, 16144.57
20120117, 16086.74
20120118, 16270.87
20120119, 16502.41
20120120, 16573.86
20120123, 16745.00
20120124, 16667.01
20120125, 16806.72
20120127, 17068.84
20120130, 17201.33
20120131, 17138.03
20120201, 16965.58
20120202, 17179.64
20120203, 17438.07
20120206, 17444.25
20120207, 17741.91
20120208, 17813.74
20120209, 17631.68
20120210, 17647.80
20120213, 17817.58
20120214, 17761.69
20120215, 17767.46
20120216, 18000.30
20120217, 18163.05
20120221, 18331.19
20120222, 18303.73
20120223, 18490.86
20120224, 18127.34
20120227, 18079.00
20120228, 17975.18
20120229, 17545.10
20120301, 17919.92
20120302, 17714.61
20120305, 17661.39
20120306, 17598.41
20120307, 17336.64
20120309, 17127.17
20120312, 17325.82
20120313, 17772.09
20120314, 17680.23
20120315, 18003.15
20120316, 17916.84
20120319, 17656.81
20120320, 17531.47
20120321, 17308.89
20120322, 17301.16
20120323, 17586.06
20120326, 17257.72
20120327, 17377.58
20120328, 17209.13
20120329, 17234.48
20120330, 17039.84
20120402, 17117.41
20120403, 17429.96
20120404, 17576.21
20120409, 17553.25
20120410, 17407.66
20120411, 17259.25
20120412, 17125.96
20120413, 17276.86
20120416, 17232.56
20120417, 17047.86
20120418, 17200.97
20120419, 17447.25
20120420, 17432.89
20120423, 17459.72
20120424, 17347.75
20120425, 17154.75
20120426, 17225.53
20120427, 17191.01
20120430, 17145.39
20120502, 17195.50
20120503, 17370.92
20120504, 17271.76
20120507, 17066.83
20120508, 16620.43
20120509, 16915.71
20120510, 16436.41
20120511, 16515.61
20120514, 16355.58
20120515, 16318.36
20120516, 16146.90
20120517, 16132.67
20120518, 16119.08
20120521, 15868.07
20120522, 16187.66
20120523, 16344.33
20120524, 15995.13
20120525, 16033.90
20120528, 16213.24
20120529, 16289.82
20120530, 16500.03
20120531, 16391.90
20120601, 16224.86
20120604, 16217.48
20120605, 15808.87
20120606, 16065.37
20120607, 16100.36
20120608, 16578.00
20120611, 16611.51
20120612, 16804.89
20120613, 16570.50
20120614, 16865.72
20120615, 16857.23
20120618, 16701.27
20120619, 17039.53
20120620, 16681.89
20120621, 16903.96
20120622, 16855.59
20120625, 16882.74
20120626, 17038.76
20120627, 16873.08
20120628, 16975.75
20120629, 16985.58
20120702, 17134.60
20120703, 17438.67
20120704, 17457.94
20120705, 17473.25
20120706, 17478.16
20120709, 17546.03
20120710, 17449.92
20120711, 17431.67
20120712, 17553.97
20120713, 17297.06
20120716, 17269.19
20120717, 17241.98
20120718, 17176.92
20120719, 17113.36
20120720, 17288.33
20120723, 17275.19
20120724, 17047.73
20120725, 16907.74
20120726, 16899.00
20120727, 16887.83
20120730, 16860.16
20120731, 16919.14
20120801, 17186.60
20120802, 17244.43
20120803, 17245.67
20120806, 17164.48
20120807, 17313.05
20120808, 17456.36
20120809, 17638.52
20120810, 17612.08
20120813, 17515.41
20120814, 17551.68
20120816, 17631.64
20120817, 17752.22
20120821, 17701.19
20120822, 17705.14
20120823, 17827.25
20120824, 17856.28
20120827, 17790.25
20120828, 17769.43
20120829, 17676.13
20120830, 17651.14
20120831, 17433.50
20120903, 17557.61
20120904, 17465.59
20120905, 17378.67
20120906, 17359.96
20120907, 17320.73
20120910, 17575.78
20120911, 17780.92
20120912, 17711.80
20120913, 17916.13
20120914, 18023.94
20120917, 18284.75
20120918, 18619.90
20120920, 18514.72
20120921, 18292.22
20120924, 18411.19
20120925, 18756.31
20120926, 18708.00
20120927, 18644.53
20120928, 18659.75
20121001, 18704.98
20121003, 18784.64
20121004, 18841.49
20121005, 18939.75
20121008, 19115.89
20121009, 18969.18
20121010, 18796.25
20121011, 18699.18
20121012, 18627.36
20121015, 18727.09
20121016, 18690.99
20121017, 18784.75
20121018, 18667.72
20121019, 18653.59
20121022, 18768.00
20121023, 18655.92
20121025, 18803.61
20121029, 18712.41
20121030, 18715.34
20121031, 18642.00
20121101, 18436.78
20121102, 18487.90
20121105, 18692.15
20121106, 18749.36
20121107, 18739.97
20121108, 18802.82
20121109, 18779.74
20121112, 18832.75
20121115, 18691.01
20121116, 18728.94
20121119, 18491.49
20121120, 18349.52
20121121, 18422.68
20121122, 18379.90
20121123, 18510.93
20121126, 18543.94
20121127, 18574.35
20121129, 18616.55
20121130, 18873.63
20121203, 19229.69
20121204, 19342.83
20121205, 19277.58
20121206, 19397.98
20121207, 19475.08
20121210, 19514.88
20121211, 19442.18
20121212, 19466.28
20121213, 19432.53
20121214, 19403.66
20121217, 19217.96
20121218, 19290.91
20121219, 19293.00
20121220, 19429.91
20121221, 19511.41
20121224, 19394.55
20121226, 19278.00
20121227, 19302.47
20121228, 19479.83
20121231, 19364.08
20130102, 19422.58
20130103, 19693.30
20130104, 19771.02
20130107, 19782.58
20130108, 19820.56
20130109, 19681.38
20130110, 19770.21
20130111, 19728.01
20130114, 19813.64
20130115, 19689.08
20130116, 19999.82
20130117, 19978.18
20130118, 19846.41
20130121, 20038.66
20130122, 20132.83
20130123, 20102.42
20130124, 19997.03
20130125, 20017.19
20130128, 19945.68
20130129, 20129.00
20130130, 20080.31
20130131, 20014.80
20130201, 19987.27
20130204, 19907.21
20130205, 19860.97
20130206, 19665.53
20130207, 19737.76
20130208, 19589.43
20130211, 19577.18
20130212, 19517.58
20130213, 19489.86
20130214, 19601.68
20130215, 19626.81
20130218, 19449.83
20130219, 19496.25
20130220, 19523.69
20130221, 19717.93
20130222, 19549.05
20130225, 19341.90
20130226, 19365.33
20130227, 19290.66
20130228, 19090.32
20130301, 19264.80
20130304, 18876.67
20130305, 18920.90
20130306, 18943.61
20130307, 19254.19
20130308, 19222.05
20130311, 19478.66
20130312, 19679.88
20130313, 19675.81
20130314, 19511.97
20130315, 19367.25
20130318, 19570.00
20130319, 19282.63
20130320, 19345.91
20130321, 19026.46
20130322, 18926.21
20130325, 18784.92
20130326, 18894.13
20130328, 18645.08
20130401, 18702.46
20130402, 18890.81
20130403, 18863.82
20130404, 19034.00
20130405, 18731.38
20130408, 18493.66
20130409, 18455.80
20130410, 18481.47
20130411, 18355.14
20130412, 18577.51
20130415, 18275.66
20130416, 18196.08
20130417, 18356.32
20130418, 18773.44
20130422, 18695.33
20130423, 18989.77
20130425, 19210.25
20130426, 19192.10
20130429, 19376.00
20130430, 19306.66
20130502, 19492.83
20130503, 19459.33
20130506, 19707.94
20130507, 19571.66
20130508, 19697.33
20130509, 19950.22
20130510, 20015.85
20130513, 19911.08
20130514, 20073.41
20130515, 19715.80
20130516, 19798.17
20130517, 20167.92
20130520, 20267.59
20130521, 20277.75
20130522, 20227.16
20130523, 20150.68
20130524, 19971.36
20130527, 19765.32
20130528, 19750.66
20130529, 20056.27
20130530, 20202.50
20130531, 20066.93
20130603, 20186.66
20130604, 19859.22
20130605, 19605.67
20130606, 19532.41
20130607, 19503.67
20130610, 19522.31
20130611, 19530.34
20130612, 19382.22
20130613, 19103.96
20130614, 18897.49
20130617, 18959.83
20130618, 19249.90
20130619, 19329.16
20130620, 19224.08
20130621, 19069.19
20130624, 18695.80
20130625, 18714.06
20130626, 18602.25
20130627, 18662.36
20130628, 18716.10
20130701, 19093.17
20130702, 19352.48
20130703, 19573.92
20130704, 19347.10
20130705, 19256.11
20130708, 19568.78
20130709, 19418.98
20130710, 19399.36
20130711, 19482.66
20130712, 19468.46
20130715, 19898.68
20130716, 19926.09
20130717, 19788.08
20130718, 19928.94
20130719, 19999.50
20130722, 20213.44
20130723, 20096.71
20130724, 20249.98
20130725, 20200.19
20130726, 20062.00
20130729, 19892.47
20130730, 19714.41
20130731, 19577.75
20130801, 19304.07
20130802, 19443.28
20130805, 19399.55
20130806, 19178.06
20130807, 19127.09
20130808, 18758.52
20130812, 18687.30
20130813, 18898.93
20130814, 18895.25
20130816, 19299.41
20130819, 19297.10
20130820, 18587.38
20130821, 18142.83
20130822, 18545.43
20130823, 17896.83
20130826, 18386.52
20130827, 18602.56
20130828, 18460.72
20130829, 17851.43
20130830, 18073.66
20130902, 18424.72
20130903, 18691.83
20130904, 19002.76
20130905, 18314.67
20130906, 18857.59
20130910, 19072.01
20130911, 19448.39
20130912, 19999.76
20130913, 20046.05
20130916, 19744.53
20130917, 19977.38
20130918, 19721.90
20130919, 19865.99
20130920, 20354.73
20130923, 20616.34
20130924, 20060.82
20130925, 19820.02
20130926, 19947.42
20130927, 19853.66
20130930, 19951.73
20131001, 19643.89
20131003, 19452.05
20131004, 19585.78
20131007, 19870.00
20131008, 19880.93
20131009, 20094.21
20131010, 19918.19
20131011, 20228.75
20131014, 20535.90
20131015, 20534.60
20131017, 20722.90
20131018, 20579.56
20131021, 20486.77
20131022, 20915.75
20131023, 20863.15
20131024, 20875.31
20131025, 20766.05
20131028, 20725.51
20131029, 20696.50
20131030, 20593.49
20131031, 20944.14
20131101, 21000.59
20131105, 21158.81
20131106, 21134.09
20131107, 21004.53
20131108, 20896.13
20131111, 20785.19
20131112, 20596.40
20131113, 20510.31
20131114, 20248.51
20131118, 20351.39
20131119, 20570.58
20131120, 20870.16
20131121, 20857.00
20131122, 20579.25
20131125, 20316.58
20131126, 20326.66
20131127, 20604.26
20131128, 20449.00
20131129, 20522.35
20131202, 20558.92
20131203, 20771.26
20131204, 20857.84
20131205, 20839.44
20131206, 20992.25
20131209, 20955.74
20131210, 21416.66
20131211, 21293.58
20131212, 21191.26
20131213, 21101.05
20131216, 20867.16
20131217, 20714.25
20131218, 20732.43
20131219, 20568.69
20131220, 20959.80
20131223, 20792.36
20131224, 21080.53
20131226, 21127.66
20131227, 21051.00
20131230, 21114.49
20131231, 21260.15
20140101, 21177.76
20140102, 21222.18
20140103, 21179.91
20140106, 20819.58
20140107, 20913.78
20140108, 20845.76
20140109, 20767.41
20140110, 20755.73
20140113, 20760.72
20140114, 20850.53
20140115, 21115.00
20140116, 21091.46
20140117, 21366.91
20140120, 21236.65
20140121, 21083.52
20140122, 21237.96
20140123, 21251.65
20140124, 21319.68
20140127, 21289.15
20140128, 20899.02
20140129, 20721.16
20140130, 20784.03
20140131, 20491.74
20140203, 20544.64
20140204, 20479.02
20140205, 20050.99
20140206, 20241.11
20140207, 20286.08
20140210, 20441.03
20140211, 20429.16
20140212, 20400.93
20140213, 20449.83
20140214, 20478.66
20140217, 20265.13
20140218, 20438.86
20140219, 20457.56
20140220, 20643.84
20140221, 20661.07
20140224, 20600.58
20140225, 20695.48
20140226, 20877.72
20140228, 20869.60
20140303, 20995.39
20140304, 21079.26
20140305, 20947.00
20140306, 21280.35
20140307, 21336.32
20140310, 21539.43
20140311, 21819.18
20140312, 21918.83
20140313, 21793.32
20140314, 21736.60
20140318, 21648.05
20140319, 21849.65
20140320, 21872.67
20140321, 21797.60
20140324, 21823.51
20140325, 21827.50
20140326, 21948.31
20140327, 22134.71
20140328, 22116.23
20140331, 22273.43
20140401, 22423.14
20140402, 22455.23
20140403, 22550.58
20140404, 22598.18
20140407, 22522.46
20140409, 22355.56
20140410, 22389.21
20140411, 22729.46
20140415, 22642.05
20140416, 22698.08
20140417, 22486.73
20140421, 22327.75
20140422, 22644.75
20140423, 22771.24
20140425, 22783.65
20140428, 22892.50
20140429, 22717.58
20140430, 22654.27
20140502, 22517.63
20140505, 22493.58
20140506, 22412.80
20140507, 22512.23
20140508, 22488.96
20140509, 22382.14
20140512, 22374.98
20140513, 23031.10
20140514, 23729.77
20140515, 23897.88
20140516, 23809.41
20140519, 24271.53
20140520, 24340.32
20140521, 24555.31
20140522, 24404.48
20140523, 24415.41
20140526, 24535.14
20140527, 24913.89
20140528, 24748.09
20140529, 24591.60
20140530, 24523.13
20140602, 24300.99
20140603, 24368.96
20140604, 24729.22
20140605, 24909.02
20140606, 24828.38
20140609, 25204.94
20140610, 25543.59
20140611, 25706.34
20140612, 25650.61
20140613, 25597.21
20140616, 25677.05
20140617, 25239.50
20140618, 25189.46
20140619, 25565.18
20140620, 25327.08
20140623, 25237.53
20140624, 25108.08
20140625, 25115.83
20140626, 25421.49
20140627, 25217.68
20140630, 25132.08
20140701, 25179.55
20140702, 25469.93
20140703, 25660.57
20140704, 25875.75
20140707, 25844.80
20140708, 26039.66
20140709, 26166.91
20140710, 25615.27
20140711, 25513.74
20140714, 25488.85
20140715, 25093.16
20140716, 25100.90
20140717, 25322.16
20140718, 25540.91
20140721, 25558.48
20140722, 25776.53
20140723, 25784.48
20140724, 26130.25
20140725, 26188.50
20140728, 26257.14
20140730, 26173.47
20140731, 26005.14
20140801, 26105.89
20140804, 25753.91
20140805, 25631.67
20140806, 25817.83
20140807, 25892.55
20140808, 25668.71
20140811, 25406.86
20140812, 25476.86
20140813, 25703.77
20140814, 25861.47
20140818, 25948.30
20140819, 26123.68
20140820, 26482.56
20140821, 26496.28
20140822, 26322.66
20140825, 26419.52
20140826, 26490.31
20140827, 26349.86
20140828, 26553.24
20140901, 26620.17
20140902, 26733.17
20140903, 26888.21
20140904, 27128.06
20140905, 27164.94
20140908, 27127.25
20140909, 27145.11
20140910, 27316.42
20140911, 27230.93
20140912, 27143.22
20140915, 27048.15
20140916, 26998.07
20140917, 26854.90
20140918, 26627.21
20140919, 26573.89
20140922, 27139.39
20140923, 27008.11
20140924, 27244.98
20140925, 26817.93
20140926, 26808.66
20140929, 26429.30
20140930, 26694.41
20141001, 26610.71
20141007, 26681.47
20141008, 26487.50
20141009, 26229.66
20141010, 26394.36
20141013, 26551.74
20141014, 26275.07
20141016, 26537.41
20141017, 26260.34
20141020, 25950.00
20141021, 26434.16
20141022, 26552.44
20141027, 26782.57
20141028, 26889.50
20141029, 26788.73
20141030, 27017.43
20141031, 27098.93
20141103, 27439.06
20141105, 27943.03
20141107, 27907.18
20141110, 27902.71
20141111, 27919.44
20141112, 27911.25
20141113, 27958.64
20141114, 28048.56
20141117, 27949.53
20141118, 28018.67
20141119, 28209.02
20141120, 28193.90
20141121, 28100.83
20141124, 28100.09
20141125, 28413.00
20141126, 28520.75
20141127, 28321.58
20141128, 28397.80
20141201, 28490.71
20141202, 28748.22
20141203, 28522.46
20141204, 28472.32
20141205, 28616.92
20141208, 28604.50
20141209, 28433.00
20141210, 28134.22
20141211, 27711.96
20141212, 27796.33
20141215, 27598.96
20141216, 27136.27
20141217, 27181.17
20141218, 26724.00
20141219, 27053.85
20141222, 27292.55
20141223, 27479.86
20141224, 27733.11
20141230, 27530.25
20141231, 27478.30
20150102, 27358.30
20150105, 27521.27
20150106, 27978.42
20150107, 27694.23
20150108, 26983.42
20150109, 27178.76
20150112, 27404.18
20150113, 27523.85
20150114, 27611.56
20150115, 27432.14
20150116, 27831.16
20150119, 28056.60
20150120, 28249.83
20150121, 28324.84
20150122, 28843.08
20150123, 28957.78
20150127, 29189.44
20150128, 29189.44
20150129, 29565.72
20150130, 29516.49
20150202, 29801.59
20150203, 29143.63
20150204, 29217.40
20150205, 29129.84
20150206, 28912.38
20150209, 28892.21
20150210, 28566.50
20150211, 28122.48
20150212, 28450.25
20150213, 28650.25
20150216, 28888.99
20150218, 29170.76
20150219, 29170.76
20150220, 29434.91
20150223, 29446.21
20150224, 29316.58
20150225, 29016.55
20150226, 29115.32
20150227, 29051.90
20150302, 28865.11
20150303, 29533.41
20150304, 29500.18
20150305, 29937.26
20150309, 29436.76
20150310, 29436.76
20150311, 28924.06
20150312, 28725.75
20150313, 28798.60
20150316, 29134.92
20150317, 28546.31
20150318, 28595.00
20150319, 28766.86
20150320, 28805.22
20150323, 28465.43
20150324, 28317.28
20150325, 28209.33
20150326, 28216.08
20150327, 27937.61
20150330, 27649.77
20150331, 27655.78
20150401, 28069.84
20150406, 27954.85
20150407, 27954.85
20150408, 28582.33
20150409, 28601.49
20150410, 28858.41
20150413, 28889.26
20150415, 28955.13
20150416, 28955.13
20150417, 28876.23
20150420, 28682.97
20150421, 28525.65
20150422, 27860.50
20150423, 27756.67
20150424, 27977.26
20150427, 27804.58
20150428, 27565.49
20150429, 27215.60
20150430, 27395.71
20150504, 27242.05
20150505, 27242.05
20150506, 27561.32
20150507, 27473.35
20150508, 26721.33
20150511, 26814.38
20150512, 27249.41
20150513, 27502.91
20150514, 27023.71
20150515, 27290.16
20150518, 27233.90
20150519, 27416.97
20150520, 27663.08
20150521, 27749.30
20150522, 27885.35
20150525, 27849.53
20150526, 27893.25
20150527, 27633.66
20150528, 27447.40
20150529, 27619.31
20150601, 27553.02
20150602, 27770.78
20150603, 27890.73
20150604, 27230.67
20150605, 26940.64
20150608, 26819.82
20150609, 26814.31
20150610, 26510.28
20150611, 26517.32
20150612, 26959.98
20150615, 26340.32
20150616, 26498.66
20150617, 26586.85
20150618, 26815.41
20150619, 26916.99
20150622, 27207.75
20150623, 27427.18
20150624, 27760.10
20150625, 27852.32
20150626, 27660.22
20150629, 27880.72
20150630, 27451.07
20150701, 27627.39
20150702, 27823.65
20150703, 28100.38
20150706, 27973.11
20150707, 27857.19
20150708, 28220.10
20150709, 28031.44
20150710, 27681.49
20150713, 27705.35
20150714, 27739.32
20150715, 27986.91
20150716, 28022.14
20150717, 28259.69
20150720, 28480.91
20150721, 28544.27
20150722, 28381.82
20150723, 28159.41
20150724, 28540.97
20150727, 28390.50
20150728, 28117.65
20150729, 27630.21
20150730, 27540.46
20150731, 27685.82
20150803, 27814.50
20150804, 28089.08
20150805, 28225.03
20150806, 28138.03
20150807, 28291.88
20150810, 28327.10
20150811, 28250.77
20150812, 28193.25
20150813, 27880.75
20150814, 27635.25
20150817, 27668.06
20150818, 28093.53
20150819, 27949.13
20150820, 27851.81
20150821, 27959.18
20150824, 27440.09
20150825, 26730.40
20150826, 25916.25
20150827, 26063.26
20150828, 26137.02
20150831, 26542.83
20150901, 26469.41
20150902, 26127.03
20150903, 25891.94
20150904, 25614.68
20150907, 25772.58
20150908, 25302.98
20150909, 24972.00
20150910, 25682.86
20150911, 25522.96
20150914, 25793.76
20150915, 25706.86
20150916, 25908.33
20150918, 25884.05
20150921, 26130.35
20150922, 26107.98
20150923, 26274.36
20150924, 25526.52
20150928, 25798.05
20150929, 25922.71
20150930, 25496.38
20151001, 25986.51
20151005, 26344.18
20151006, 26379.41
20151007, 26976.66
20151008, 26966.85
20151009, 27116.85
20151012, 26974.91
20151013, 27242.59
20151014, 26874.28
20151015, 26760.32
20151016, 26842.18
20151019, 27062.80
20151020, 27305.61
20151021, 27402.90
20151023, 27312.34
20151026, 27466.64
20151027, 27575.03
20151028, 27291.06
20151029, 27131.71
20151030, 27083.69
20151102, 26878.48
20151103, 26641.68
20151104, 26660.71
20151105, 26704.01
20151106, 26557.80
20151109, 26284.00
20151110, 25809.00
20151113, 26094.08
20151116, 25934.90
20151117, 25580.15
20151118, 25897.88
20151119, 25837.71
20151120, 25640.33
20151123, 25856.13
20151124, 25945.14
20151126, 25785.60
20151127, 25769.81
20151130, 26003.19
20151201, 26142.52
20151202, 26201.26
20151203, 26239.39
20151204, 26123.85
20151207, 25810.06
20151208, 25746.02
20151209, 25488.41
20151210, 25299.33
20151211, 25136.71
20151214, 25281.76
20151215, 24935.59
20151216, 25186.67
20151217, 25402.47
20151218, 25596.63
20151221, 25764.66
20151222, 25425.32
20151223, 25731.07
20151224, 25697.66
20151228, 25893.83
20151229, 25858.51
20151230, 26075.67
20151231, 26123.86
20160104, 25980.85
20160105, 26116.51
20160106, 25744.69
20160107, 25628.23
20160108, 25224.69
20160111, 24969.01
20160112, 24787.10
20160113, 24862.92
20160114, 24804.64
20160115, 24606.19
20160118, 24881.75
20160119, 24400.77
20160120, 24257.27
20160121, 24325.76
20160122, 24194.75
20160125, 24122.06
20160127, 24540.97
20160128, 24643.13
20160129, 24481.85
20160201, 24347.31
20160202, 24982.22
20160203, 24868.21
20160204, 24393.58
20160205, 24386.44
20160208, 24360.35
20160209, 24637.41
20160210, 24076.84
20160211, 23938.32
20160212, 23758.46
20160215, 23060.39
20160216, 23223.42
20160217, 23688.60
20160218, 23237.23
20160219, 23536.47
20160222, 23640.32
20160223, 23783.47
20160224, 23850.41
20160225, 23332.93
20160226, 23105.16
20160229, 23141.08
20160301, 23238.50
20160302, 23153.32
20160303, 24044.96
20160304, 24386.66
20160308, 24704.58
20160309, 24655.18
20160310, 24527.26
20160311, 24815.69
20160314, 24620.39
20160315, 24801.69
20160316, 24832.03
20160317, 24537.60
20160318, 24852.17
20160321, 24729.41
20160322, 25007.56
20160323, 25331.00
20160328, 25322.09
20160329, 25417.10
20160330, 24957.24
20160331, 25062.06
20160401, 25364.75
20160404, 25301.69
20160405, 25333.98
20160406, 25372.43
20160407, 24978.85
20160408, 24998.78
20160411, 24665.80
20160412, 24789.40
20160413, 25056.47
20160418, 25358.41
20160420, 25833.16
20160421, 25942.33
20160422, 25979.67
20160425, 25892.49
20160426, 25891.02
20160427, 25604.91
20160428, 25956.41
20160429, 26078.27
20160502, 25612.91
20160503, 25565.43
20160504, 25500.14
20160505, 25210.86
20160506, 25187.66
20160509, 25223.66
20160510, 25321.83
20160511, 25682.98
20160512, 25548.97
20160513, 25684.59
20160516, 25739.93
20160517, 25528.80
20160518, 25756.14
20160519, 25671.48
20160520, 25713.83
20160523, 25428.41
20160524, 25447.72
20160525, 25256.97
20160526, 25432.09
20160527, 26008.25
20160530, 26415.92
20160531, 26694.75
20160601, 26817.75
20160602, 26684.46
20160603, 26694.27
20160606, 26919.23
20160607, 26897.83
20160608, 26833.53
20160609, 27085.24
20160610, 26994.48
20160613, 26742.25
20160614, 26468.26
20160615, 26482.50
20160616, 26500.78
20160617, 26686.02
20160620, 26653.84
20160621, 26497.10
20160622, 26907.41
20160623, 26791.67
20160624, 26753.19
20160627, 26367.48
20160628, 26347.81
20160629, 26410.66
20160630, 26627.15
20160701, 26926.16
20160704, 27064.33
20160705, 27314.43
20160707, 27340.72
20160708, 27209.97
20160711, 27292.19
20160712, 27358.23
20160713, 27667.81
20160714, 27912.14
20160715, 27857.80
20160718, 27966.14
20160719, 27920.66
20160720, 27790.05
20160721, 27775.69
20160722, 27980.07
20160725, 27721.72
20160726, 27753.96
20160727, 28121.36
20160728, 27976.14
20160729, 28108.77
20160801, 28232.86
20160802, 28083.08
20160803, 28069.11
20160804, 28008.51
20160805, 27899.88
20160808, 27810.55
20160809, 28181.91
20160810, 28289.22
20160811, 28133.35
20160812, 27805.93
20160816, 27919.94
20160817, 28190.03
20160818, 28061.78
20160819, 28077.64
20160822, 28167.66
20160823, 28088.07
20160824, 28012.56
20160825, 28065.25
20160826, 28103.59
20160829, 27882.75
20160830, 27827.25
20160831, 28012.46
20160901, 28372.25
20160902, 28459.08
20160906, 28498.72
20160907, 28631.26
20160908, 29035.66
20160909, 28929.46
20160912, 29062.90
20160914, 28481.08
20160915, 28345.49
20160916, 28398.33
20160919, 28520.30
20160920, 28626.59
20160921, 28690.66
20160922, 28554.38
20160923, 28766.93
20160926, 28810.32
20160927, 28630.91
20160928, 28373.01
20160929, 28198.88
20160930, 28423.14
20161003, 27807.82
20161004, 27997.28
20161005, 28377.64
20161006, 28425.74
20161007, 28298.34
20161010, 28129.22
20161013, 28144.27
20161014, 28042.61
20161017, 27712.22
20161018, 27776.14
20161019, 27656.89
20161020, 28112.35
20161021, 28031.57
20161024, 28163.41
20161025, 28156.58
20161026, 28159.08
20161027, 28050.55
20161028, 27808.63
20161101, 27983.14
20161102, 27966.17
20161103, 27679.32
20161104, 27518.06
20161107, 27465.55
20161108, 27552.26
20161109, 27537.25
20161110, 26251.38
20161111, 27605.05
20161115, 27344.84
20161116, 26809.60
20161117, 26508.93
20161118, 26304.90
20161121, 26270.19
20161122, 26246.69
20161123, 25928.16
20161124, 26101.33
20161125, 26049.14
20161128, 25953.24
20161129, 26303.51
20161130, 26408.61
20161201, 26441.01
20161202, 26756.66
20161205, 26437.36
20161206, 26253.48
20161207, 26403.61
20161208, 26456.21
20161209, 26366.51
20161212, 26787.14
20161213, 26725.31
20161214, 26607.65
20161215, 26707.91
20161216, 26497.71
20161219, 26548.66
20161220, 26505.66
20161221, 26374.58
20161222, 26368.88
20161223, 26224.07
20161226, 25959.99
20161227, 25992.41
20161228, 25815.42
20161229, 26243.18
20161230, 26429.41
20170102, 26441.50
20170103, 26711.15
20170104, 26616.91
20170105, 26677.22
20170106, 26738.41
20170109, 26929.68
20170110, 26860.81
20170111, 26811.63
20170112, 26978.43
20170113, 27171.66
20170116, 27378.00
20170117, 27238.34
20170118, 27331.82
20170119, 27261.75
20170120, 27253.33
20170123, 27232.68
20170124, 26990.92
20170125, 27170.88
20170127, 27462.83
20170130, 27761.02
20170131, 27866.80
20170201, 27867.91
20170202, 27669.08
20170203, 28167.83
20170206, 28270.66
20170207, 28340.39
20170208, 28443.23
20170209, 28386.08
20170210, 28349.22
20170213, 28367.16
20170214, 28450.41
20170215, 28386.11
20170216, 28270.10
20170217, 28223.84
20170220, 28670.42
20170221, 28481.91
20170222, 28716.69
20170223, 28822.40
20170227, 28927.66
20170228, 28910.50
20170301, 28825.18
20170302, 28849.03
20170303, 29117.38
20170306, 28827.50
20170307, 28859.21
20170308, 29092.16
20170309, 29021.06
20170310, 28909.69
20170314, 29006.00
20170315, 29437.23
20170316, 29452.85
20170317, 29482.83
20170320, 29755.74
20170321, 29653.53
20170322, 29525.88
20170323, 29341.41
20170324, 29201.00
20170327, 29350.59
20170328, 29395.67
20170329, 29301.22
20170330, 29463.00
20170331, 29538.02
20170403, 29633.91
20170405, 29737.73
20170406, 29996.02
20170407, 29946.89
20170410, 29850.71
20170411, 29752.61
20170412, 29630.06
20170413, 29838.82
20170417, 29637.11
20170418, 29470.26
20170419, 29487.77
20170420, 29369.90
20170421, 29358.58
20170424, 29575.66
20170425, 29407.67
20170426, 29825.14
20170427, 30030.19
20170428, 30141.39
20170502, 30064.59
20170503, 30021.49
20170504, 29984.94
20170505, 30069.72
20170508, 30142.14
20170509, 29915.11
20170510, 29977.50
20170511, 29988.77
20170512, 30309.71
20170515, 30285.60
20170516, 30287.36
20170517, 30391.48
20170518, 30616.52
20170519, 30466.82
20170522, 30539.65
20170523, 30638.88
20170524, 30553.89
20170525, 30446.76
20170526, 30374.81
20170529, 30765.76
20170530, 30944.38
20170531, 31111.73
20170601, 31222.50
20170602, 31117.08
20170605, 31205.36
20170606, 31274.74
20170607, 31420.84
20170608, 31252.71
20170609, 31316.91
20170612, 31196.85
20170613, 31225.42
20170614, 31091.09
20170615, 31147.68
20170616, 31222.89
20170619, 31160.47
20170620, 31168.98
20170621, 31392.52
20170622, 31302.17
20170623, 31351.52
20170627, 31352.57
20170628, 31194.67
20170629, 30988.86
20170630, 30910.97
20170703, 30824.97
20170704, 31156.03
20170705, 31331.21
20170706, 31272.72
20170707, 31298.41
20170710, 31373.51
20170711, 31510.61
20170712, 31789.50
20170713, 31813.24
20170714, 31896.23
20170717, 32099.92
20170718, 32053.98
20170719, 31775.53
20170720, 31882.80
20170721, 32033.82
20170724, 32035.88
20170725, 32100.22
20170726, 32350.71
20170727, 32255.99
20170728, 32519.43
20170731, 32381.35
20170801, 32412.19
20170802, 32579.80
20170803, 32641.58
20170804, 32502.55
20170807, 32191.11
20170808, 32377.80
20170809, 32341.05
20170810, 31926.14
20170811, 31750.73
20170814, 31355.91
20170816, 31299.51
20170817, 31566.24
20170818, 31919.16
20170821, 31729.88
20170822, 31609.92
20170823, 31393.92
20170824, 31407.47
20170828, 31673.43
20170829, 31756.86
20170830, 31724.83
20170831, 31534.57
20170901, 31685.43
20170904, 31769.33
20170905, 31932.19
20170906, 31755.16
20170907, 31713.50
20170908, 31738.74
20170911, 31694.15
20170912, 31798.31
20170913, 32029.15
20170914, 32188.94
20170915, 32289.25
20170918, 32207.63
20170919, 32361.36
20170920, 32522.43
20170921, 32467.09
20170922, 32406.41
20170925, 32339.50
20170926, 31986.40
20170927, 31685.81
20170928, 31785.24
20170929, 31216.35
20171003, 31367.25
20171004, 31537.81
20171005, 31522.16
20171006, 31725.84
20171009, 31633.33
20171010, 31862.19
20171011, 31910.82
20171012, 31975.58
20171013, 31887.47
20171016, 32247.74
20171017, 32488.23
20171018, 32654.41
20171023, 32518.56
20171024, 32656.75
20171025, 32619.25
20171026, 32995.28
20171027, 33025.17
20171030, 33228.32
20171031, 33260.10
20171101, 33254.92
20171102, 33344.23
20171103, 33615.83
20171106, 33667.33
20171107, 33710.14
20171108, 33781.01
20171109, 33417.35
20171110, 33376.62
20171113, 33235.75
20171114, 33397.41
20171115, 32990.03
20171116, 32944.94
20171117, 32829.82
20171120, 33388.46
20171121, 33365.83
20171122, 33438.28
20171123, 33569.07
20171124, 33575.91
20171127, 33670.00
20171128, 33640.51
20171129, 33726.64
20171130, 33664.26
20171201, 33542.50
20171204, 33247.66
20171205, 32968.01
20171206, 32814.03
20171207, 32798.50
20171208, 32615.05
20171211, 33034.19
20171212, 33317.71
20171213, 33426.58
20171214, 33229.73
20171215, 33114.69
20171218, 33456.01
20171219, 33364.51
20171220, 33732.07
20171221, 33928.58
20171222, 33826.25
20171226, 33768.46
20171227, 33980.76
