Date,  SENSEXOpeningPRICE,  GoldPrice, USD/INRPrice
20071228, 20158.11,  10593.96, 39.415
20071231, 20323.27,  10648.31, 39.405
20080102, 20393.09,  10769.94, 39.315
20080103, 20383.02,  10928.06, 39.225
20080104, 20367.93,  10926.55, 39.32
20080107, 20637.21,  10887.81, 39.255
20080108, 20970.07,  11015.99, 39.14
20080109, 20903.0,  11138.89, 39.175
20080110, 20930.27,  11115.78, 39.18
20080111, 20702.93,  11275.03, 39.17
20080114, 20918.23,  11427.99, 39.295
20080115, 20836.47,  11438.59, 39.255
20080116, 20079.89,  11223.33, 39.21
20080117, 19972.75,  11201.33, 39.17
20080118, 19579.6,  11144.73, 39.21
20080121, 18919.57,  11091.66, 39.385
20080122, 16884.08,  11081.27, 39.39
20080123, 17520.01,  11291.88, 39.525
20080124, 17920.98,  11417.72, 39.255
20080125, 17504.0,  11586.09, 39.34
20080128, 18011.89,  11667.60, 39.225
20080129, 18346.49,  11735.94, 39.3
20080130, 18120.22,  11691.31, 39.3
20080131, 17810.13,  11727.75, 39.28
20080201, 17820.66,  11698.92, 39.235
20080204, 18496.02,  11467.21, 39.255
20080205, 18592.58,  11382.26, 39.41
20080206, 18247.02,  11446.72, 39.5
20080207, 18198.67,  11523.28, 39.515
20080208, 17610.07,  11636.39, 39.605
20080211, 17427.33,  11763.20, 39.665
20080212, 16812.63,  11690.90, 39.585
20080213, 16816.93,  11536.42, 39.745
20080214, 17265.18,  11600.02, 39.595
20080215, 17541.16,  11607.93, 39.66
20080218, 18228.21,  11561.58, 39.61
20080219, 18215.25,  11752.01, 39.82
20080220, 17991.28,  11852.57, 40.12
20080221, 17825.22,  12083.21, 39.84
20080222, 17503.03,  12070.25, 40.015
20080225, 17523.81,  12085.52, 39.91
20080226, 17799.56,  12003.55, 39.9
20080227, 17983.41,  12228.88, 39.69
20080228, 17810.51,  12250.91, 39.865
20080229, 17779.53,  12371.42, 39.92
20080303, 17227.56,  12600.95, 40.285
20080304, 16742.19,  12583.30, 40.22
20080305, 16328.91,  12564.60, 40.2
20080307, 16211.95,  12702.61, 40.43
20080310, 15684.24,  12630.85, 40.4
20080311, 15778.26,  12685.06, 40.36
20080312, 16541.14,  12671.10, 40.24
20080313, 15873.28,  12869.10, 40.435
20080314, 15467.38,  12940.88, 40.455
20080317, 15326.92,  13247.80, 40.685
20080318, 14725.67,  13103.20, 40.21
20080319, 15325.79,  12664.32, 40.355
20080324, 15093.76,  11961.71, 40.13
20080325, 15612.61,  12056.23, 40.105
20080326, 16270.12,  12237.92, 40.155
20080327, 15950.29,  12273.84, 40.075
20080328, 16100.25,  12088.58, 39.87
20080331, 16226.66,  12047.49, 40.03
20080401, 15771.71,  11637.07, 39.89
20080402, 16023.29,  11551.51, 39.94
20080403, 15805.62,  11663.17, 39.95
20080404, 15896.08,  11729.72, 39.855
20080407, 15390.15,  11902.49, 39.87
20080408, 15770.16,  11853.35, 40.005
20080409, 15512.7,  11858.09, 39.91
20080410, 15754.87,  12032.84, 39.875
20080411, 15840.55,  11944.33, 39.84
20080415, 15694.41,  12028.76, 39.875
20080416, 16288.75,  12127.54, 39.84
20080417, 16456.03,  12197.76, 39.775
20080421, 16611.41,  11870.91, 39.87
20080422, 16686.55,  11878.78, 39.94
20080423, 16823.99,  11775.87, 39.98
20080424, 16796.25,  11655.16, 40.08
20080425, 16781.97,  11555.68, 40.065
20080428, 17251.56,  11608.58, 40.07
20080429, 17050.86,  11540.22, 40.28
20080430, 17479.0,  11409.57, 40.46
20080502, 17560.15,  11243.52, 40.56
20080505, 17687.0,  11400.17, 40.67
20080506, 17441.41,  11565.44, 40.965
20080507, 17404.15,  11596.69, 41.26
20080508, 17212.6,  11759.82, 41.67
20080509, 17020.78,  11839.29, 41.565
20080512, 16641.44,  11929.69, 42.04
20080513, 17008.02,  11847.46, 42.09
20080514, 16691.3,  11853.21, 42.35
20080515, 17084.89,  11989.21, 42.705
20080516, 17476.41,  12212.73, 42.41
20080520, 17366.05,  12491.94, 42.51
20080521, 17065.6,  12708.57, 42.74
20080522, 17104.58,  12837.68, 42.84
20080523, 16958.8,  12735.56, 42.55
20080526, 16468.32,  12750.12, 42.62
20080527, 16454.75,  12686.94, 42.87
20080528, 16358.62,  12394.44, 42.64
20080529, 16666.02,  12256.87, 42.54
20080530, 16454.02,  12117.57, 42.16
20080602, 16591.46,  12187.49, 42.4
20080603, 15851.71,  12207.18, 42.51
20080604, 15992.9,  12171.99, 42.61
20080605, 15479.65,  12115.80, 42.835
20080606, 15914.41,  12304.47, 42.665
20080609, 15115.96,  12509.12, 42.82
20080610, 14979.95,  12262.53, 42.89
20080611, 15018.67,  12178.19, 42.725
20080612, 14957.53,  12038.65, 42.71
20080613, 15327.09,  12076.60, 42.88
20080616, 15400.57,  12257.84, 42.895
20080617, 15388.36,  12276.87, 42.825
20080618, 15744.2,  12331.35, 42.82
20080619, 15250.46,  12462.38, 42.925
20080620, 15194.73,  12543.34, 42.845
20080623, 14423.04,  12413.85, 42.975
20080624, 14290.16,  12365.60, 42.76
20080625, 13776.2,  12277.14, 42.64
20080626, 14300.71,  12466.86, 42.59
20080627, 14127.75,  12751.70, 42.79
20080630, 13791.01,  12901.06, 42.93
20080701, 13480.01,  13071.12, 43.24
20080702, 12948.04,  13113.89, 43.07
20080703, 13458.29,  13141.07, 43.175
20080704, 13097.0,  13024.07, 43.15
20080707, 13561.91,  12894.34, 43.2
20080708, 13226.04,  12914.38, 43.22
20080709, 13581.41,  12893.83, 43.01
20080710, 13851.58,  13017.69, 42.86
20080711, 14063.45,  13242.56, 42.78
20080714, 13333.03,  13382.70, 42.915
20080715, 13067.08,  13622.11, 43.052
20080716, 12759.75,  13506.15, 43.035
20080717, 12909.57,  13346.62, 42.72
20080718, 13234.53,  13247.68, 42.735
20080721, 13782.12,  13300.44, 42.685
20080722, 13837.63,  13283.72, 42.525
20080723, 14568.21,  12796.61, 42.065
20080724, 15082.37,  12629.37, 42.1
20080725, 14451.95,  12706.92, 42.16
20080728, 14267.03,  12748.11, 42.535
20080729, 14085.53,  12732.24, 42.57
20080730, 14007.32,  12464.93, 42.28
20080731, 14359.48,  12656.75, 42.483000000000004
20080801, 14064.25,  12586.73, 42.27
20080804, 14594.63,  12546.70, 42.39
20080805, 14562.67,  12234.21, 42.175
20080806, 15263.65,  12156.50, 42.0
20080807, 15031.86,  12127.00, 41.99
20080808, 15036.57,  11895.88, 41.98
20080811, 15430.3,  11725.97, 42.08
20080812, 15577.2,  11339.94, 42.28
20080813, 15030.2,  11506.18, 42.56
20080814, 15017.67,  11602.81, 42.92
20080818, 14681.13,  11400.20, 43.495
20080819, 14517.75,  11455.69, 43.52
20080820, 14610.57,  11638.28, 43.635
20080821, 14646.98,  11745.16, 43.4
20080822, 14153.38,  11719.34, 43.33
20080825, 14643.37,  11710.05, 43.69
20080826, 14338.26,  11700.08, 43.765
20080827, 14563.09,  11802.32, 43.65
20080828, 14289.96,  11863.01, 43.72
20080829, 14279.01,  11875.90, 43.87
20080901, 14412.99,  11869.28, 44.175
20080902, 14609.44,  11635.24, 44.365
20080904, 14895.84,  11647.49, 44.345
20080905, 14569.0,  11646.41, 44.665
20080908, 15038.05,  11702.19, 44.51
20080909, 14814.33,  11572.68, 44.74
20080910, 14717.53,  11434.05, 45.065
20080911, 14557.33,  11252.39, 45.575
20080912, 14433.2,  11341.72, 45.71
20080915, 13592.04,  11597.23, 45.635
20080916, 13051.73,  11739.66, 46.835
20080917, 13620.74,  12074.36, 46.34
20080918, 12712.82,  13043.36, 46.37
20080919, 13763.83,  12584.20, 45.81
20080922, 14215.33,  12924.59, 45.46
20080923, 13721.41,  13107.07, 45.615
20080924, 13636.7,  13112.06, 45.85
20080925, 13716.87,  13056.68, 46.07
20080926, 13486.2,  13158.58, 46.52
20080929, 13109.95,  13302.59, 46.5
20080930, 12178.17,  13426.31, 46.815
20081001, 13006.71,  13254.26, 46.48
20081003, 12851.46,  12809.40, 46.8
20081006, 12284.49,  13127.58, 47.79
20081007, 12068.11,  13445.54, 47.91
20081008, 11316.24,  13820.55, 47.86
20081010, 10632.26,  13907.28, 48.365
20081013, 10817.67,  13175.47, 48.11
20081014, 11781.42,  13068.48, 47.94
20081015, 11245.26,  13205.99, 48.38
20081016, 10221.53,  12932.06, 48.69
20081017, 10763.33,  12591.22, 48.715
20081020, 10160.46,  12662.48, 48.73
20081021, 10428.11,  12454.83, 48.85
20081022, 10455.23,  12114.07, 49.315
20081023, 9683.259,  11719.87, 49.68
20081024, 9497.48,  11583.12, 49.77
20081027, 8588.86,  11773.70, 49.785
20081029, 9056.969000000001,  12170.19, 49.38
20081031, 9361.66,  11723.12, 49.325
20081103, 10209.37,  11653.58, 48.515
20081104, 10304.57,  11617.86, 47.31
20081105, 10931.16,  11650.87, 47.325
20081106, 9755.03,  11582.52, 47.635
20081107, 9631.589,  11533.68, 47.49
20081110, 10154.55,  11675.87, 47.31
20081111, 10386.45,  11577.68, 47.95
20081112, 9683.75,  11648.46, 49.225
20081114, 9784.849,  11708.33, 48.79
20081117, 9396.929,  11796.70, 49.075
20081118, 9084.12,  11863.20, 49.535
20081119, 8970.669,  11992.25, 49.86
20081120, 8400.879,  12075.20, 50.2
20081121, 8481.019,  12441.84, 49.555
20081124, 8840.53,  13055.59, 49.965
20081125, 9170.28,  13064.75, 49.765
20081126, 8806.019,  12985.90, 49.35
20081128, 8889.179,  13032.78, 49.575
20081201, 9162.94,  12831.16, 49.875
20081202, 8535.83,  12570.11, 50.13
20081203, 8851.219000000001,  12520.08, 49.945
20081204, 8779.019,  12422.87, 49.8
20081205, 9172.58,  12180.45, 49.49
20081208, 9276.889000000001,  12316.86, 49.5
20081210, 9349.53,  12563.67, 48.71
20081211, 9679.32,  12803.84, 48.215
20081212, 9370.87,  12760.00, 48.48
20081215, 9821.849,  12876.17, 47.645
20081216, 9794.48,  12889.87, 47.51
20081217, 10073.09,  13127.10, 47.46
20081218, 9710.2,  13041.60, 46.79
20081219, 10001.33,  12754.10, 47.15
20081222, 10102.41,  12976.09, 47.72
20081223, 9813.2,  13116.32, 48.69
20081224, 9626.07,  13001.32, 47.775
20081226, 9655.07,  13144.65, 48.435
20081229, 9318.86,  13693.58, 48.3
20081230, 9625.129,  13479.30, 48.09
20081231, 9806.639000000001,  13455.99, 48.62
20090102, 9973.059000000001,  13593.45, 48.12
20090105, 10124.91,  13356.87, 48.41
20090106, 10241.5,  13208.26, 48.44
20090107, 10424.95,  13380.74, 48.735
20090109, 9434.849,  13319.47, 48.07
20090112, 9306.74,  13118.36, 48.62
20090113, 9042.36,  12949.29, 48.925
20090114, 9223.16,  12911.20, 48.64
20090115, 9000.62,  12817.54, 48.895
20090116, 9125.65,  12977.60, 48.645
20090119, 9365.04,  13110.75, 48.525
20090120, 9159.759,  13350.79, 49.05
20090121, 8900.78,  13480.60, 49.05
20090122, 8905.969000000001,  13478.56, 49.01
20090123, 8804.15,  13805.57, 49.075
20090127, 8803.07,  14080.94, 48.7
20090128, 9077.65,  13955.12, 48.67
20090129, 9340.589,  13910.14, 48.77
20090130, 9111.12,  14331.22, 48.85
20090202, 9363.58,  14256.60, 48.68
20090203, 9128.99,  14093.98, 48.51
20090204, 9226.2,  14061.32, 48.715
20090205, 9241.559000000001,  14259.11, 48.65
20090206, 9161.49,  14221.03, 48.63
20090209, 9359.0,  14023.14, 48.545
20090210, 9589.95,  14115.89, 48.8
20090211, 9462.139000000001,  14466.23, 48.82
20090212, 9559.03,  14716.13, 48.735
20090213, 9540.599,  14613.35, 48.595
20090216, 9637.04,  14677.19, 48.82
20090217, 9213.4,  15252.34, 49.63
20090218, 8939.379,  15503.40, 50.01
20090219, 9034.9,  15551.36, 49.38
20090220, 8943.78,  15761.99, 49.545
20090224, 8707.349,  15680.44, 49.72
20090225, 8913.44,  15418.67, 49.875
20090226, 8905.559000000001,  15252.93, 50.345
20090227, 8944.11,  15518.96, 51.005
20090302, 8762.879,  15769.58, 51.825
20090303, 8583.059000000001,  15333.13, 51.97
20090304, 8473.25,  15132.79, 51.54
20090305, 8535.03,  15242.01, 51.605
20090306, 8103.75,  15547.33, 51.69
20090309, 8259.219000000001,  15482.93, 51.815
20090312, 8274.78,  15271.50, 51.5
20090313, 8480.74,  15344.91, 51.55
20090316, 8793.889000000001,  15228.86, 51.14
20090317, 8942.009,  15170.77, 51.26
20090318, 8956.299,  14880.55, 51.13
20090319, 9023.04,  15282.65, 50.26
20090320, 8951.339,  15504.01, 50.52
20090323, 9040.299,  15435.34, 50.31
20090324, 9549.519,  15147.63, 50.425
20090325, 9442.299,  15127.13, 50.53
20090326, 9739.929,  15243.25, 50.42
20090327, 10036.79,  15128.62, 50.525
20090330, 9902.349,  15186.83, 51.13
20090331, 9633.209,  15054.09, 50.57
20090401, 9745.769,  15084.93, 50.65
20090402, 10107.25,  14798.79, 50.01
20090406, 10521.78,  14142.06, 50.01
20090408, 10283.58,  14341.55, 50.14
20090409, 10876.15,  14198.55, 49.83
20090413, 10916.42,  14359.31, 49.72
20090415, 10805.13,  14307.48, 49.575
20090416, 11358.05,  14211.54, 49.61
20090417, 11067.7,  14003.68, 49.79
20090420, 11065.09,  14237.21, 50.22
20090421, 10765.38,  14437.76, 50.31
20090422, 10968.59,  14380.92, 50.335
20090423, 10841.57,  14489.57, 49.905
20090424, 11149.46,  14614.72, 49.61
20090427, 11237.41,  14743.05, 50.13
20090428, 11371.33,  14556.93, 50.35
20090429, 11091.55,  14490.34, 49.89
20090504, 11635.24,  14411.62, 49.69
20090505, 12159.74,  14439.99, 49.245
20090506, 12100.69,  14459.47, 49.435
20090507, 12064.5,  14556.60, 49.115
20090508, 12092.96,  14514.77, 49.155
20090511, 11997.37,  14561.30, 49.43
20090512, 11629.96,  14616.85, 49.275
20090513, 12201.92,  14800.61, 49.635
20090514, 11774.04,  14835.55, 49.62
20090515, 11948.7,  14805.64, 49.31
20090518, 13479.38,  14363.30, 47.59
20090519, 14757.82,  14225.13, 47.53
20090520, 14230.73,  14306.31, 47.435
20090521, 14043.37,  14421.91, 47.23
20090522, 13663.54,  14510.75, 46.83
20090525, 13999.44,  14567.41, 47.285
20090526, 13983.25,  14598.19, 47.475
20090527, 13851.84,  14607.49, 47.58
20090528, 14139.13,  14655.67, 47.525
20090529, 14384.75,  14821.37, 47.12
20090601, 14790.88,  14874.71, 46.79
20090602, 14942.2,  14835.36, 46.81
20090603, 14902.62,  14815.85, 46.89
20090604, 14755.08,  14768.44, 47.105
20090605, 15040.24,  14723.94, 46.95
20090608, 15153.2,  14580.94, 47.525
20090609, 14618.98,  14630.16, 47.33
20090610, 15168.17,  14630.45, 47.225
20090611, 15517.36,  14616.00, 47.425
20090612, 15446.82,  14532.28, 47.45
20090615, 15195.83,  14435.37, 47.61
20090616, 14788.26,  14447.06, 47.675
20090617, 14978.5,  14500.58, 47.97
20090618, 14503.04,  14580.80, 48.06
20090619, 14321.98,  14532.31, 48.025
20090622, 14591.28,  14506.31, 48.545
20090623, 14147.87,  14464.17, 48.475
20090624, 14388.2,  14590.71, 48.365
20090625, 14476.15,  14668.87, 48.525
20090626, 14373.57,  14703.49, 48.035
20090629, 14764.63,  14599.30, 48.025
20090630, 14785.74,  14516.81, 47.75
20090701, 14493.83,  14494.13, 47.775
20090702, 14694.3,  14480.36, 47.925
20090703, 14552.71,  14468.30, 47.815
20090706, 14962.12,  14503.67, 48.515
20090707, 14103.65,  14564.53, 48.45
20090708, 14039.58,  14549.00, 48.81
20090709, 13796.19,  14475.93, 48.58
20090710, 13803.12,  14459.44, 48.77
20090713, 13405.95,  14554.04, 48.93
20090714, 13549.41,  14638.45, 48.88
20090715, 13917.26,  14720.05, 48.575
20090716, 14351.96,  14759.75, 48.625
20090717, 14325.58,  14757.79, 48.57
20090720, 14854.16,  14854.95, 48.12
20090721, 15218.83,  14860.66, 48.225
20090722, 15124.91,  14892.78, 48.42
20090723, 15008.78,  14949.82, 48.22
20090724, 15272.0,  14891.80, 48.09
20090727, 15350.88,  14936.27, 48.175
20090728, 15428.5,  14831.75, 48.225
20090729, 15293.19,  14696.16, 48.275
20090730, 15169.23,  14681.60, 48.26
20090731, 15449.46,  14705.67, 47.825
20090803, 15694.78,  14821.28, 47.325
20090804, 15940.09,  14823.40, 47.47
20090805, 15882.38,  14903.77, 47.435
20090806, 15881.46,  14937.83, 47.605
20090807, 15440.95,  14892.40, 47.69
20090810, 15287.13,  14771.63, 47.755
20090811, 15000.37,  14777.16, 47.895
20090812, 14953.44,  14841.33, 48.13
20090813, 15207.95,  14931.93, 48.02
20090814, 15530.37,  14942.22, 48.2
20090817, 15284.23,  14851.70, 48.82
20090818, 14745.79,  14867.93, 48.725
20090819, 15079.04,  14917.50, 48.615
20090820, 14930.04,  14908.12, 48.43
20090821, 14951.49,  14975.68, 48.42
20090824, 15362.92,  14991.96, 48.525
20090825, 15573.91,  14998.13, 48.7
20090826, 15763.08,  15012.18, 48.905
20090827, 15711.79,  15018.02, 48.79
20090828, 15770.19,  15079.51, 48.535
20090831, 15812.15,  15102.49, 48.69
20090901, 15691.26,  15129.40, 49.155
20090902, 15482.04,  15366.90, 48.975
20090903, 15539.33,  15631.09, 48.825
20090904, 15425.86,  15712.78, 48.775
20090907, 15793.26,  15723.39, 48.585
20090908, 16030.55,  15794.98, 48.325
20090909, 16111.08,  15718.14, 48.455
20090910, 16295.91,  15622.53, 48.415
20090911, 16254.57,  15804.76, 48.31
20090914, 16185.25,  15798.72, 48.68
20090915, 16255.41,  15777.92, 48.46
20090916, 16498.58,  15942.69, 48.145
20090917, 16686.38,  15909.04, 48.11
20090918, 16650.05,  15851.08, 48.01
20090922, 16805.22,  15835.22, 47.925
20090923, 16905.5,  15826.23, 47.995
20090924, 16634.08,  15735.77, 47.895
20090925, 16679.99,  15545.98, 47.945
20090929, 16829.1,  15514.71, 48.135
20090930, 16868.46,  15607.87, 47.735
20091001, 17186.19,  15618.33, 47.72
20091005, 17062.0,  15576.75, 47.415
20091006, 16879.38,  15713.55, 46.765
20091007, 17069.41,  15829.09, 46.65
20091008, 16908.01,  15853.25, 46.225
20091009, 16915.96,  15819.74, 46.515
20091012, 16687.32,  15908.73, 46.345
20091014, 17117.9,  15940.18, 46.004
20091015, 17274.07,  15804.29, 45.975
20091016, 17196.8,  15792.96, 46.225
20091020, 17414.8,  15915.00, 46.265
20091021, 17229.72,  15914.13, 46.345
20091022, 17031.53,  15999.09, 46.565
20091023, 16795.66,  15998.32, 46.5
20091026, 16808.05,  15940.84, 46.575
20091027, 16699.08,  15853.11, 46.945
20091028, 16335.78,  15878.78, 47.175
20091029, 16191.38,  15898.79, 46.78
20091030, 16135.87,  15927.60, 46.925
20091103, 15838.62,  16366.20, 47.145
20091104, 15487.96,  16608.42, 46.91
20091105, 15926.12,  16598.20, 46.97
20091106, 16137.41,  16610.71, 46.825
20091109, 16190.79,  16668.56, 46.37
20091110, 16552.42,  16616.61, 46.325
20091111, 16444.43,  16746.21, 46.354
20091112, 16822.17,  16828.57, 46.62
20091113, 16693.15,  16688.53, 46.19
20091116, 16893.1,  16894.22, 46.005
20091117, 17036.23,  16982.43, 46.225
20091118, 17032.0,  17139.17, 46.215
20091119, 17004.98,  17156.65, 46.75
20091120, 16772.75,  17220.95, 46.575
20091123, 17067.14,  17546.08, 46.465
20091124, 17230.85,  17548.86, 46.47
20091125, 17149.08,  17659.02, 45.98
20091126, 17199.05,  17850.19, 46.675
20091127, 16718.8,  17619.44, 46.465
20091130, 16655.75,  17644.26, 46.535
20091201, 16947.46,  17882.68, 46.254
20091202, 17226.49,  18170.95, 46.225
20091203, 17199.64,  18192.81, 46.025
20091204, 17182.23,  17881.92, 46.175
20091207, 17106.74,  17369.72, 46.465
20091208, 16984.53,  17522.29, 46.625
20091209, 17204.32,  17241.44, 46.535
20091210, 17107.0,  17102.21, 46.525
20091211, 17199.74,  17098.94, 46.48
20091214, 17118.14,  17038.10, 46.6
20091215, 17150.58,  16995.62, 46.534
20091216, 16866.94,  17153.73, 46.585
20091217, 16912.25,  17062.80, 46.935
20091218, 16855.91,  16864.69, 46.725
20091221, 16724.83,  16874.83, 46.825
20091222, 16633.81,  16607.81, 46.825
20091223, 16723.96,  16577.17, 46.67
20091224, 17265.47,  16755.01, 46.73
20091229, 17388.66,  16771.93, 46.58
20091230, 17402.24,  16635.48, 46.525
20091231, 17365.36,  16723.45, 46.41
20100104, 17473.44,  16790.70, 46.295
20100105, 17555.76,  16882.49, 46.205
20100106, 17719.47,  16844.07, 45.695
20100107, 17701.97,  16836.05, 45.65
20100108, 17603.86,  16790.00, 45.47
20100111, 17724.58,  17045.70, 45.26
20100112, 17534.09,  17016.26, 45.66
20100113, 17368.02,  16772.18, 45.495
20100114, 17525.71,  16872.34, 45.6
20100115, 17604.31,  16850.12, 45.79
20100118, 17538.72,  16841.60, 45.645
20100119, 17650.82,  16884.66, 45.76
20100120, 17486.68,  16785.91, 45.86
20100121, 17474.49,  16542.05, 46.23
20100122, 16978.35,  16445.33, 46.225
20100125, 16847.69,  16512.04, 46.075
20100127, 16708.59,  16504.91, 46.19
20100128, 16317.16,  16380.25, 46.25
20100129, 16253.82,  16272.68, 46.125
20100201, 16339.32,  16422.25, 46.14
20100202, 16368.44,  16701.63, 46.125
20100203, 16210.25,  16705.50, 45.925
20100204, 16500.28,  16363.56, 46.235
20100205, 16222.55,  16088.86, 46.645
20100208, 15931.33,  16283.09, 46.845
20100209, 15940.73,  16297.19, 46.405
20100210, 16042.17,  16284.46, 46.365
20100211, 15928.28,  16371.77, 46.355
20100215, 16186.9,  16551.51, 46.355
20100216, 16042.17,  16727.53, 45.955
20100217, 16228.91,  16758.76, 46.175
20100218, 16421.19,  16672.11, 46.255
20100219, 16256.53,  16724.26, 46.17
20100222, 16191.32,  16789.74, 46.125
20100223, 16213.13,  16665.61, 46.275
20100224, 16218.67,  16518.06, 46.295
20100225, 16264.09,  16534.63, 46.385
20100226, 16255.33,  16749.40, 46.105
20100302, 16438.44,  16885.76, 45.70399999999999
20100303, 16778.28,  17023.42, 45.7
20100304, 17013.67,  16977.15, 45.795
20100305, 16988.28,  16914.60, 45.455
20100308, 17034.91,  16803.70, 45.535
20100309, 17089.22,  16673.31, 45.59
20100310, 17072.93,  16623.89, 45.42
20100311, 17087.63,  16504.83, 45.515
20100312, 17176.01,  16530.70, 45.465
20100315, 17166.97,  16506.77, 45.565
20100316, 17169.83,  16682.87, 45.52
20100317, 17389.47,  16734.99, 45.395
20100318, 17492.81,  16714.43, 45.475
20100319, 17531.47,  16581.21, 45.455
20100322, 17481.96,  16438.46, 45.495
20100323, 17422.5,  16443.65, 45.435
20100325, 17458.5,  16298.28, 45.43
20100326, 17558.84,  16314.05, 45.135
20100329, 17639.17,  16380.41, 44.895
20100330, 17703.66,  16358.78, 45.025
20100331, 17602.39,  16387.33, 44.825
20100401, 17555.03,  16469.43, 44.815
20100405, 17693.66,  16495.83, 44.385
20100406, 17940.32,  16517.81, 44.425
20100407, 17915.59,  16667.07, 44.427
20100408, 17950.56,  16754.55, 44.365
20100409, 17715.16,  16797.10, 44.175
20100412, 17874.16,  16924.68, 44.485
20100413, 17831.38,  16801.63, 44.545
20100415, 17804.55,  16804.41, 44.345
20100416, 17645.91,  16689.27, 44.275
20100419, 17584.85,  16570.72, 44.735
20100420, 17394.67,  16651.73, 44.515
20100421, 17458.75,  16674.72, 44.555
20100422, 17476.48,  16664.81, 44.535
20100423, 17533.88,  16677.02, 44.315
20100426, 17692.25,  16795.12, 44.395
20100427, 17744.92,  16842.32, 44.445
20100428, 17643.58,  17031.15, 44.645
20100429, 17382.08,  16997.66, 44.53
20100430, 17503.47,  17082.92, 44.275
20100503, 17536.85,  17203.05, 44.52
20100504, 17371.75,  17237.49, 44.615
20100505, 17103.94,  17200.28, 44.825
20100506, 17080.47,  17550.47, 45.485
20100507, 16939.58,  17843.58, 45.565
20100510, 16799.49,  17531.53, 44.85
20100511, 17336.13,  17886.97, 45.095
20100512, 17141.52,  18181.28, 44.975
20100513, 17323.63,  18100.61, 45.075
20100514, 17267.25,  18194.33, 45.275
20100517, 16961.91,  18275.95, 45.515
20100518, 16840.58,  18028.73, 45.595
20100519, 16802.39,  18112.39, 46.365
20100520, 16419.09,  18116.57, 46.815
20100521, 16317.94,  18019.57, 46.925
20100524, 16494.6,  18098.99, 46.975
20100525, 16444.57,  18426.14, 47.515
20100526, 16069.78,  18594.22, 47.125
20100527, 16410.88,  18435.40, 46.745
20100528, 16692.66,  18346.11, 46.325
20100531, 16872.16,  18387.33, 46.365
20100601, 16942.82,  18687.02, 47.155
20100602, 16574.78,  18705.79, 46.985
20100603, 16786.27,  18508.51, 46.66
20100604, 17036.55,  18464.27, 46.885
20100607, 17069.76,  18788.96, 47.09
20100608, 16760.59,  19037.04, 46.855
20100609, 16621.11,  18853.98, 47.015
20100610, 16668.91,  18692.11, 46.775
20100611, 16994.07,  18690.05, 46.775
20100614, 17118.74,  18594.89, 46.495
20100615, 17355.49,  18626.66, 46.365
20100616, 17500.3,  18698.19, 46.395
20100617, 17490.51,  18748.78, 46.225
20100618, 17628.01,  18821.65, 46.035
20100621, 17654.81,  18704.30, 45.675
20100622, 17868.11,  18612.70, 46.045
20100623, 17694.86,  18684.52, 46.175
20100624, 17750.5,  18719.31, 46.495
20100625, 17705.1,  18836.20, 46.075
20100628, 17577.66,  18830.05, 46.205
20100629, 17777.94,  18780.27, 46.485
20100630, 17476.84,  18840.69, 46.445
20100701, 17679.33,  18725.47, 46.585
20100702, 17523.47,  18468.18, 46.585
20100705, 17473.83,  18515.06, 46.775
20100706, 17402.67,  18403.77, 46.77
20100707, 17623.66,  18330.54, 47.02
20100708, 17536.48,  18346.80, 46.857
20100709, 17667.84,  18356.07, 46.665
20100712, 17875.97,  18392.14, 46.685
20100713, 17908.3,  18444.29, 46.77
20100714, 18024.94,  18433.53, 46.705
20100715, 17874.71,  18436.14, 46.615
20100716, 17911.13,  18325.45, 46.725
20100719, 17914.11,  18268.17, 47.115
20100720, 17918.42,  18279.93, 47.275
20100721, 17873.91,  18360.30, 47.165
20100722, 17978.36,  18290.67, 47.125
20100723, 18132.28,  18320.51, 46.915
20100726, 18056.24,  18210.18, 47.055
20100727, 17998.74,  17955.37, 46.655
20100728, 18077.84,  17768.92, 46.76
20100729, 17961.58,  17765.96, 46.537
20100730, 17981.06,  17838.08, 46.405
20100802, 17911.31,  17886.45, 46.245
20100803, 18149.9,  17949.82, 46.165
20100804, 18115.56,  18096.41, 45.89
20100805, 18234.84,  18081.83, 46.085
20100806, 18165.49,  18149.41, 45.985
20100809, 18141.1,  18205.24, 46.125
20100810, 18272.27,  18178.21, 46.4
20100811, 18177.34,  18344.31, 46.705
20100812, 17972.65,  18473.02, 46.77
20100813, 18080.28,  18546.35, 46.625
20100816, 18169.8,  18671.76, 46.8
20100817, 18049.18,  18666.15, 46.645
20100818, 18067.66,  18634.68, 46.56
20100819, 18276.5,  18735.86, 46.513000000000005
20100820, 18444.24,  18725.62, 46.615
20100823, 18400.33,  18700.01, 46.645
20100824, 18407.0,  18739.33, 46.905
20100825, 18308.5,  18930.51, 46.905
20100826, 18194.77,  18931.93, 46.845
20100827, 18205.9,  18919.59, 46.81
20100830, 18063.48,  18919.63, 46.915
20100831, 18015.66,  19046.80, 47.065
20100901, 18027.11,  19078.63, 46.675
20100902, 18215.27,  19049.99, 46.725
20100903, 18238.08,  18960.75, 46.485
20100906, 18124.28,  18981.05, 46.54
20100907, 18571.73,  19129.22, 46.835
20100908, 18627.66,  19150.21, 46.492
20100909, 18669.11,  19013.60, 46.36
20100913, 18845.31,  18861.94, 46.31
20100914, 19218.13,  19100.88, 46.27
20100915, 19343.74,  19196.78, 46.2
20100916, 19476.92,  19178.54, 46.145
20100917, 19436.71,  19158.07, 45.855
20100920, 19445.41,  19115.29, 45.705
20100921, 19925.78,  19068.47, 45.665
20100922, 20039.42,  19196.69, 45.585
20100923, 19944.3,  19219.91, 45.475
20100924, 19836.42,  19180.30, 45.11
20100927, 20082.25,  19128.36, 45.01
20100928, 20114.36,  19107.42, 44.99
20100929, 20086.89,  19219.75, 44.715
20100930, 19931.49,  19195.72, 44.57
20101001, 20094.09,  19193.86, 44.375
20101004, 20501.21,  19224.93, 44.58
20101005, 20461.98,  19417.81, 44.465
20101006, 20448.68,  19575.57, 44.225
20101007, 20544.3,  19577.47, 44.2
20101008, 20297.58,  19429.30, 44.415
20101011, 20250.25,  19615.35, 44.405
20101012, 20357.78,  19674.2, 44.515
20101013, 20223.44,  19823.96, 44.365
20101014, 20700.41,  19932.75, 44.105
20101015, 20518.5,  19856.94, 44.075
20101018, 20160.55,  19786.04, 44.265
20101019, 20298.55,  19710.30, 44.355
20101020, 19924.01,  19527.19, 44.255
20101021, 19951.33,  19491.76, 44.31
20101022, 20334.14,  19368.85, 44.515
20101025, 20199.73,  19556.63, 44.355
20101026, 20325.43,  19530.84, 44.44
20101027, 20220.58,  19501.19, 44.45
20101028, 20116.49,  19502.71, 44.39
20101029, 19986.32,  19659.13, 44.325
20101101, 20272.49,  19805.48, 44.47
20101102, 20407.17,  19724.36, 44.37
20101103, 20472.85,  19592.82, 44.355
20101104, 20605.63,  19797.45, 44.0
20101108, 21045.66,  20164.97, 44.35
20101109, 20851.91,  20467.65, 44.35
20101110, 20917.53,  20251.69, 44.3
20101111, 20930.44,  20378.21, 44.525
20101112, 20529.74,  20200.59, 44.785
20101115, 20167.61,  20175.85, 45.21
20101116, 20371.73,  20034.69, 45.32
20101118, 19997.83,  20042.29, 45.26
20101119, 19982.75,  20041.00, 45.275
20101122, 19713.83,  20114.70, 45.465
20101123, 19841.41,  20357.61, 45.565
20101124, 19735.27,  20478.10, 45.715
20101125, 19560.25,  20392.90, 45.565
20101126, 19391.96,  20342.57, 45.825
20101129, 19230.33,  20398.40, 45.825
20101130, 19373.23,  20662.17, 45.8
20101201, 19529.99,  20724.37, 45.295
20101202, 20038.66,  20658.19, 45.15
20101203, 20007.89,  20657.33, 44.915
20101206, 20038.25,  20832.29, 44.825
20101207, 19982.9,  20803.45, 44.83
20101208, 19874.3,  20570.85, 45.02
20101209, 19746.15,  20575.95, 45.15
20101210, 19201.89,  20514.89, 44.98
20101213, 19600.27,  20598.28, 45.192
20101214, 19746.75,  20663.65, 44.93
20101215, 19791.22,  20639.81, 45.358000000000004
20101216, 19698.58,  20508.81, 45.455
20101220, 19770.01,  20601.07, 45.355
20101221, 19925.75,  20560.24, 45.21
20101222, 20118.82,  20545.59, 45.03
20101223, 20038.83,  20452.39, 45.075
20101224, 19911.46,  20477.38, 45.03
20101227, 20062.59,  20522.70, 45.13
20101228, 20056.47,  20650.95, 44.975
20101229, 20060.88,  20755.67, 44.95
20101230, 20274.11,  20750.51, 44.83
20101231, 20412.75,  20701.46, 44.713
20110103, 20621.6,  20796.28, 44.625
20110104, 20617.38,  20643.11, 44.92
20110105, 20509.94,  20468.08, 45.325
20110106, 20395.5,  20403.07, 45.355
20110107, 20163.84,  20328.57, 45.355
20110110, 19714.41,  20417.23, 45.35
20110111, 19279.76,  20421.00, 45.155
20110112, 19353.33,  20423.26, 45.02
20110113, 19492.3,  20442.66, 45.135
20110114, 19198.03,  20304.74, 45.365
20110117, 18911.42,  20294.26, 45.465
20110118, 18983.19,  20363.38, 45.445
20110119, 19153.31,  20401.09, 45.33
20110120, 18892.42,  20259.84, 45.685
20110121, 19007.08,  20089.95, 45.63
20110124, 19095.68,  20100.78, 45.47
20110125, 19227.41,  19856.71, 45.71
20110127, 19086.68,  19895.76, 45.51
20110128, 18708.61,  19819.28, 45.92
20110131, 18226.21,  20039.18, 45.825
20110201, 18425.17,  20102.98, 45.45
20110202, 18216.91,  20073.16, 45.57
20110203, 18113.73,  20120.39, 45.565
20110204, 18450.07,  20292.08, 45.575
20110207, 18135.01,  20206.36, 45.325
20110208, 18141.5,  20251.01, 45.235
20110209, 17723.99,  20374.39, 45.52
20110210, 17603.28,  20404.28, 45.655
20110211, 17519.13,  20424.18, 45.615
20110214, 17940.16,  20342.69, 45.43
20110215, 18260.08,  20483.92, 45.505
20110216, 18273.06,  20508.53, 45.405
20110217, 18345.11,  20519.02, 45.265
20110218, 18564.08,  20583.67, 45.115
20110221, 18238.53,  20752.64, 44.945
20110222, 18390.72,  20785.22, 45.175
20110223, 18233.76,  20844.31, 45.08
20110224, 18135.11,  21078.68, 45.43
20110225, 17775.08,  20911.10, 45.275
20110228, 17811.08,  21006.77, 45.265
20110301, 17982.27,  20970.50, 44.855
20110303, 18318.32,  21015.20, 44.875
20110304, 18622.69,  20970.10, 44.91
20110307, 18361.65,  21198.21, 44.995
20110308, 18277.33,  21090.19, 45.035
20110309, 18522.8,  21044.84, 44.905
20110310, 18430.83,  20970.90, 45.125
20110311, 18248.1,  20908.38, 45.075
20110314, 18167.09,  21026.64, 45.07
20110315, 18113.78,  20749.01, 45.175
20110316, 18263.67,  20687.84, 45.115
20110317, 18227.16,  20664.66, 45.16
20110318, 18251.17,  20866.15, 45.015
20110321, 17984.72,  21012.50, 44.995
20110322, 17929.08,  20935.46, 44.875
20110323, 17972.03,  20992.92, 44.79
20110324, 18286.41,  20992.94, 44.675
20110325, 18480.68,  20877.88, 44.705
20110328, 18799.71,  20761.07, 44.8
20110329, 18949.57,  20725.85, 44.69
20110330, 19178.76,  20777.88, 44.63
20110331, 19339.75,  20888.51, 44.535
20110401, 19463.1,  20902.50, 44.395
20110404, 19473.92,  20961.38, 44.395
20110405, 19731.38,  21042.52, 44.325
20110406, 19698.6,  21194.17, 44.075
20110407, 19620.88,  21191.26, 44.205
20110408, 19602.81,  21285.97, 44.08
20110411, 19382.91,  21402.39, 44.38
20110413, 19187.0,  21291.10, 44.525
20110415, 19670.07,  21527.28, 44.275
20110418, 19389.74,  21710.31, 44.525
20110419, 19091.77,  21812.81, 44.385
20110420, 19274.21,  21838.12, 44.275
20110421, 19582.5,  21887.05, 44.38
20110425, 19538.51,  22089.88, 44.455
20110426, 19596.32,  21907.06, 44.49
20110427, 19610.71,  21997.44, 44.335
20110428, 19532.84,  22273.76, 44.31
20110429, 19292.57,  22392.91, 44.255
20110502, 19224.05,  22616.22, 44.28
20110503, 18979.31,  22486.95, 44.48
20110504, 18558.33,  22308.23, 44.36
20110505, 18484.71,  22022.43, 44.765
20110506, 18289.77,  21763.84, 44.73
20110509, 18628.63,  22018.38, 44.69
20110510, 18564.94,  22134.74, 44.745
20110511, 18572.6,  22097.65, 44.6
20110512, 18525.32,  21897.70, 44.988
20110513, 18362.44,  22048.58, 44.865
20110516, 18492.67,  22014.44, 45.155
20110517, 18374.44,  21833.47, 45.12
20110518, 18177.32,  21966.65, 45.065
20110519, 18166.64,  21893.21, 44.975
20110520, 18199.96,  22032.64, 44.95
20110523, 18269.06,  22263.49, 45.23
20110524, 18016.42,  22391.49, 45.215
20110525, 17976.35,  22521.82, 45.325
20110526, 17917.1,  22447.10, 45.305
20110527, 18105.6,  22502.87, 45.18
20110530, 18319.74,  22579.27, 45.085
20110531, 18266.6,  22602.84, 45.06
20110601, 18527.11,  22616.80, 44.845
20110602, 18425.84,  22603.65, 44.825
20110603, 18554.4,  22600.74, 44.83
20110606, 18344.26,  22724.63, 44.755
20110607, 18355.3,  22661.41, 44.675
20110608, 18448.4,  22557.95, 44.705
20110609, 18394.57,  22590.54, 44.735
20110610, 18390.41,  22570.39, 44.73
20110613, 18242.25,  22474.49, 44.865
20110614, 18276.77,  22319.48, 44.746
20110615, 18298.58,  22403.65, 44.77
20110616, 18060.1,  22491.89, 44.905
20110617, 18060.16,  22537.00, 44.8
20110620, 17925.16,  22660.44, 45.0
20110621, 17574.36,  22679.87, 44.845
20110622, 17659.36,  22734.01, 44.895
20110623, 17526.91,  22542.78, 44.955
20110624, 17804.93,  22323.59, 44.995
20110627, 18132.69,  22125.13, 45.035
20110628, 18493.58,  22127.80, 45.04
20110629, 18552.18,  22143.90, 44.865
20110630, 18741.09,  22041.62, 44.7
20110701, 18974.96,  21757.37, 44.63
20110704, 18896.24,  21750.94, 44.43
20110705, 18837.88,  21859.76, 44.43
20110706, 18730.28,  22107.49, 44.48
20110707, 18776.61,  22176.71, 44.28
20110708, 19084.06,  22255.29, 44.38
20110711, 18823.18,  22480.60, 44.485
20110712, 18534.1,  22578.48, 44.705
20110713, 18468.82,  22867.88, 44.525
20110714, 18563.68,  23011.09, 44.505
20110715, 18694.18,  22959.29, 44.515
20110718, 18592.18,  23222.96, 44.57
20110719, 18521.38,  23211.24, 44.495
20110720, 18756.31,  23014.21, 44.45
20110721, 18514.65,  23078.07, 44.405
20110722, 18565.03,  23045.94, 44.35
20110725, 18753.34,  23337.87, 44.4
20110726, 18898.18,  23176.04, 44.18
20110727, 18571.15,  23219.82, 44.085
20110728, 18300.55,  23144.32, 44.08
20110729, 18194.15,  23329.54, 44.21
20110801, 18352.23,  23417.30, 44.07
20110802, 18283.55,  23675.34, 44.24
20110803, 17970.18,  24153.02, 44.315
20110804, 17983.85,  24225.66, 44.545
20110805, 17350.36,  24248.67, 44.72
20110808, 16907.57,  25074.69, 44.97
20110809, 16517.86,  25771.41, 45.21
20110810, 17244.71,  25961.18, 45.255
20110811, 17056.6,  26087.61, 45.415
20110812, 17246.88,  25731.58, 45.4
20110816, 17015.99,  26117.59, 45.385
20110817, 16782.24,  26340.47, 45.41
20110818, 16910.26,  26876.56, 45.745
20110819, 16237.78,  27652.98, 45.67
20110822, 16155.99,  27977.64, 45.57
20110823, 16446.84,  27854.70, 45.625
20110824, 16490.77,  27036.72, 45.995
20110825, 16338.13,  25943.91, 46.045
20110826, 16155.54,  26703.87, 46.16
20110829, 16080.74,  26972.96, 46.055
20110830, 16585.09,  27103.35, 46.09
20110902, 16963.66,  27705.63, 45.785
20110905, 16678.33,  28229.20, 45.992
20110906, 16663.73,  28305.93, 46.115
20110907, 16922.31,  27353.05, 46.165
20110908, 17118.08,  27703.23, 46.19
20110909, 17189.75,  28032.29, 46.49
20110912, 16668.25,  28065.17, 47.225
20110913, 16618.16,  28003.58, 47.595
20110914, 16522.71,  28221.38, 47.645
20110915, 16837.75,  27736.07, 47.57
20110916, 17047.73,  27489.59, 47.33
20110919, 16865.92,  27994.00, 47.81
20110920, 16768.63,  27873.37, 48.055
20110921, 17128.83,  28125.66, 48.33
20110922, 16827.84,  27941.92, 49.575
20110923, 16222.37,  27205.21, 49.35
20110926, 16209.19,  25789.00, 49.45
20110927, 16289.32,  26431.71, 48.915
20110928, 16663.25,  26107.24, 49.095
20110929, 16387.91,  25770.48, 48.975
20110930, 16599.74,  26029.52, 49.02
20111003, 16255.96,  26645.59, 49.155
20111004, 16081.76,  26575.01, 49.405
20111005, 15967.71,  26123.92, 49.345
20111007, 16222.49,  26469.45, 49.04
20111010, 16270.07,  26582.35, 48.975
20111011, 16668.15,  26760.04, 49.34
20111012, 16660.42,  26874.08, 48.955
20111013, 17048.0,  26743.27, 49.125
20111014, 16836.83,  26786.92, 49.02
20111017, 17176.05,  26854.85, 48.955
20111018, 16817.38,  26547.42, 49.295
20111019, 16883.35,  26542.31, 49.16
20111020, 16911.84,  26320.82, 49.806999999999995
20111021, 16975.78,  26614.91, 49.85
20111024, 17011.06,  26828.14, 49.825
20111025, 17012.78,  27016.25, 49.505
20111028, 17336.33,  27623.98, 48.62
20111031, 17806.21,  27282.11, 48.695
20111101, 17540.55,  27339.67, 49.275
20111102, 17347.69,  27649.93, 49.185
20111103, 17430.68,  27812.14, 49.145
20111104, 17674.69,  27965.32, 49.0
20111108, 17593.66,  28633.68, 49.31
20111109, 17641.98,  28925.21, 50.06
20111111, 17187.89,  28738.22, 50.005
20111114, 17348.51,  28986.79, 50.405
20111115, 17081.61,  29043.37, 50.63
20111116, 16872.3,  29039.43, 50.75
20111117, 16754.67,  28742.77, 50.955
20111118, 16387.69,  28633.91, 51.235
20111121, 16297.03,  28679.37, 52.065
20111122, 15995.69,  28687.34, 52.49
20111123, 15969.59,  28668.13, 52.24
20111124, 15715.8,  28611.89, 52.07
20111125, 15781.25,  28458.69, 52.14
20111128, 15890.79,  28784.54, 51.96
20111129, 16210.37,  28777.20, 51.91
20111130, 15868.95,  29100.76, 52.13
20111201, 16555.92,  29251.83, 51.37
20111202, 16493.98,  29207.16, 51.11
20111205, 16812.3,  29149.43, 51.26
20111207, 16830.03,  29155.30, 51.63
20111208, 16819.74,  29223.54, 51.71
20111209, 16258.44,  29139.10, 51.875
20111212, 16354.95,  28875.73, 52.605
20111213, 15778.62,  28907.43, 53.1
20111214, 15963.75,  28462.27, 53.61
20111215, 15739.04,  27728.07, 53.52
20111216, 15868.78,  27446.51, 52.5
20111219, 15440.09,  27639.90, 52.7
20111220, 15436.12,  27812.42, 52.77
20111221, 15487.75,  27916.67, 52.4
20111222, 15546.66,  27716.54, 52.565
20111223, 15863.42,  27779.87, 52.79
20111226, 15782.16,  27779.17, 52.72
20111227, 15983.98,  27649.86, 52.92
20111228, 15854.36,  27509.88, 52.89
20111229, 15658.94,  26864.46, 53.005
20111230, 15583.54,  27251.68, 53.015
20120102, 15534.66,  27361.63, 53.305
20120103, 15640.55,  27641.58, 53.1
20120104, 15967.49,  27734.47, 52.86
20120105, 15893.07,  27747.29, 52.87
20120106, 15789.08,  27833.90, 52.68
20120109, 15840.21,  27667.55, 52.4
20120110, 15898.32,  27571.42, 51.6
20120111, 16222.37,  27667.65, 51.785
20120112, 16117.19,  27756.71, 51.52
20120113, 16144.57,  27506.37, 51.44
20120116, 16086.74,  27541.72, 51.365
20120117, 16270.87,  27692.10, 50.8
20120118, 16502.41,  27473.12, 50.31
20120119, 16573.86,  27467.17, 50.15
20120120, 16745.0,  27378.65, 50.23
20120123, 16667.01,  27552.06, 49.97
20120124, 16806.72,  27469.44, 50.005
20120125, 17068.84,  27390.58, 50.01
20120127, 17201.33,  27986.73, 49.395
20120130, 17138.03,  28133.46, 49.6
20120131, 16965.58,  28378.20, 49.515
20120201, 17179.64,  28447.46, 49.14
20120202, 17438.07,  28434.04, 49.035
20120203, 17444.25,  28259.38, 48.61
20120206, 17741.91,  27934.82, 49.06
20120207, 17813.74,  28093.78, 49.125
20120208, 17631.68,  28340.84, 49.075
20120209, 17647.8,  28374.82, 49.445
20120210, 17817.58,  28222.71, 49.36
20120213, 17761.69,  28138.17, 49.15
20120214, 17767.46,  28088.28, 49.49
20120215, 18000.3,  28182.96, 49.385
20120216, 18163.05,  28136.61, 49.29
20120217, 18331.19,  28133.81, 49.325
20120221, 18303.73,  28319.65, 49.225
20120222, 18490.86,  28531.53, 49.17
20120223, 18127.34,  28837.93, 49.1
20120224, 18079.0,  28744.55, 49.015
20120227, 17975.18,  28740.97, 49.17
20120228, 17545.1,  28828.61, 48.97
20120229, 17919.92,  28433.71, 49.11
20120301, 17714.61,  27902.38, 49.23
20120302, 17661.39,  28016.21, 49.525
20120305, 17598.41,  27994.49, 49.83
20120306, 17336.64,  27936.09, 50.365
20120307, 17127.17,  27882.80, 50.28
20120309, 17325.82,  27884.97, 49.76
20120312, 17772.09,  28028.66, 49.975
20120313, 17680.23,  27891.24, 49.855
20120314, 18003.15,  27593.21, 49.93
20120315, 17916.84,  27547.80, 50.295
20120316, 17656.81,  27856.48, 50.14
20120319, 17531.47,  27886.40, 50.175
20120320, 17308.89,  27859.93, 50.535
20120321, 17301.16,  27923.18, 50.635
20120322, 17586.06,  27896.05, 51.295
20120323, 17257.72,  28052.34, 51.175
20120326, 17377.58,  28323.87, 51.03
20120327, 17209.13,  28406.17, 50.67
20120328, 17234.48,  28325.50, 50.78
20120329, 17039.84,  28301.21, 51.345
20120330, 17117.41,  28337.97, 50.875
20120402, 17429.96,  28449.83, 50.8
20120403, 17576.21,  28497.49, 50.56
20120404, 17553.25,  28087.54, 51.05
20120409, 17407.66,  28344.45, 51.195
20120410, 17259.25,  28467.59, 51.485
20120411, 17125.96,  28621.90, 51.465
20120412, 17276.86,  28652.17, 51.235
20120413, 17232.56,  28723.30, 51.55
20120416, 17047.86,  28557.09, 51.615
20120417, 17200.97,  28497.94, 51.395
20120418, 17447.25,  28537.50, 51.73
20120419, 17432.89,  28636.19, 52.085
20120420, 17459.72,  28663.83, 52.075
20120423, 17347.75,  28714.39, 52.385
20120424, 17154.75,  28890.88, 52.59
20120425, 17225.53,  28792.99, 52.46
20120426, 17191.01,  28960.72, 52.41
20120427, 17145.39,  29080.08, 52.545
20120430, 17195.5,  29132.53, 52.665
20120502, 17370.92,  29196.62, 52.985
20120503, 17271.76,  29199.50, 53.335
20120504, 17066.83,  29178.47, 53.475
20120507, 16620.43,  29003.52, 52.845
20120508, 16915.71,  28765.48, 53.125
20120509, 16436.41,  28578.61, 53.755
20120510, 16515.61,  28463.27, 53.26
20120511, 16355.58,  28394.63, 53.635
20120514, 16318.36,  28270.14, 53.925
20120515, 16146.9,  28118.41, 53.795
20120516, 16132.67,  28029.16, 54.345
20120517, 16119.08,  28359.92, 54.36
20120518, 15868.07,  28857.54, 54.425
20120521, 16187.66,  29096.78, 54.98
20120522, 16344.33,  29072.49, 55.345
20120523, 15995.13,  28990.24, 55.96
20120524, 16033.9,  29051.72, 55.56
20120525, 16213.24,  28868.02, 55.375
20120528, 16289.82,  29034.83, 55.19
20120529, 16500.03,  29099.50, 55.62
20120530, 16391.9,  29067.52, 56.14
20120531, 16224.86,  29318.31, 56.04
20120601, 16217.48,  29468.14, 55.545
20120604, 15808.87,  29994.46, 55.655
20120605, 16065.37,  30045.69, 55.55
20120606, 16100.36,  30192.76, 55.27
20120607, 16578.0,  29662.36, 54.965
20120608, 16611.51,  29368.82, 55.425
20120611, 16804.89,  29677.65, 55.7
20120612, 16570.5,  29865.16, 55.805
20120613, 16865.72,  30053.64, 55.57
20120614, 16857.23,  30142.11, 55.71
20120615, 16701.27,  30157.28, 55.395
20120618, 17039.53,  30180.07, 55.83
20120619, 16681.89,  30327.23, 55.885
20120620, 16903.96,  30182.24, 56.15
20120621, 16855.59,  30018.06, 56.26
20120622, 16882.74,  29914.62, 57.125
20120625, 17038.76,  29935.98, 56.965
20120626, 16873.08,  30065.19, 56.965
20120627, 16975.75,  29989.34, 56.89
20120628, 16985.58,  29835.90, 56.825
20120629, 17134.6,  29645.63, 55.51
20120702, 17438.67,  29677.55, 55.39
20120703, 17457.94,  29561.52, 54.22
20120704, 17473.25,  29559.78, 54.545
20120705, 17478.16,  29727.00, 54.965
20120706, 17546.03,  29670.75, 55.41
20120709, 17449.92,  29640.66, 55.85
20120710, 17431.67,  29556.42, 55.395
20120711, 17553.97,  29300.18, 55.53
20120712, 17297.06,  29255.03, 55.84
20120713, 17269.19,  29295.37, 55.145
20120716, 17241.98,  29285.55, 55.055
20120717, 17176.92,  29315.75, 55.04
20120718, 17113.36,  29246.27, 55.32
20120719, 17288.33,  29250.92, 55.175
20120720, 17275.19,  29252.00, 55.325
20120723, 17047.73,  29407.72, 55.93
20120724, 16907.74,  29539.22, 56.18
20120725, 16899.0,  29807.60, 56.025
20120726, 16887.83,  29863.53, 55.5
20120727, 16860.16,  29901.44, 55.255
20120730, 16919.14,  29928.94, 55.44
20120731, 17186.6,  30109.42, 55.56
20120801, 17244.43,  30022.67, 55.475
20120802, 17245.67,  30047.97, 55.845
20120803, 17164.48,  29929.35, 55.755
20120806, 17313.05,  29963.01, 55.525
20120807, 17456.36,  29890.28, 55.07
20120808, 17638.52,  29860.95, 55.285
20120809, 17612.08,  29953.64, 55.18
20120810, 17515.41,  30012.34, 55.285
20120813, 17551.68,  30144.86, 55.345
20120814, 17631.64,  30060.96, 55.61
20120816, 17752.22,  30108.68, 55.625
20120817, 17701.19,  30164.30, 55.735
20120821, 17705.14,  30261.44, 55.31
20120822, 17827.25,  30401.79, 55.5
20120823, 17856.28,  30711.66, 55.265
20120824, 17790.25,  30833.85, 55.505
20120827, 17769.43,  31063.51, 55.695
20120828, 17676.13,  30962.54, 55.665
20120829, 17651.14,  30920.19, 55.705
20120830, 17433.5,  30826.71, 55.635
20120831, 17557.61,  30925.39, 55.525
20120903, 17465.59,  31307.04, 55.535
20120904, 17378.67,  31425.01, 55.615
20120905, 17359.96,  31509.90, 55.91
20120906, 17320.73,  31676.14, 55.665
20120907, 17575.78,  31680.25, 55.365
20120910, 17780.92,  31977.31, 55.445
20120911, 17711.8,  31924.50, 55.255
20120912, 17916.13,  31979.92, 55.215
20120913, 18023.94,  32047.35, 55.345
20120914, 18284.75,  32118.94, 54.305
20120917, 18619.9,  31871.94, 53.885
20120918, 18514.72,  31808.63, 53.905
20120920, 18292.22,  31931.30, 54.265
20120921, 18411.19,  31730.69, 53.365
20120924, 18756.31,  31418.19, 53.44
20120925, 18708.0,  31503.22, 53.365
20120926, 18644.53,  31414.88, 53.585
20120927, 18659.75,  31315.91, 52.93
20120928, 18704.98,  31386.17, 52.855
20121001, 18784.64,  31412.08, 52.38
20121003, 18841.49,  31353.41, 52.24
20121004, 18939.75,  31206.73, 51.745
20121005, 19115.89,  31196.33, 51.915
20121008, 18969.18,  31234.35, 52.545
20121009, 18796.25,  31359.72, 52.695
20121010, 18699.18,  31432.37, 53.025
20121011, 18627.36,  31390.24, 52.665
20121012, 18727.09,  31352.43, 52.81
20121015, 18690.99,  31098.39, 52.985
20121016, 18784.75,  30985.67, 52.825
20121017, 18667.72,  31116.12, 52.865
20121018, 18653.59,  31266.64, 53.595
20121019, 18768.0,  31353.53, 53.845
20121022, 18655.92,  31094.85, 53.56
20121023, 18803.61,  30983.41, 53.725
20121025, 18712.41,  30928.95, 53.555
20121029, 18715.34,  31102.20, 54.085
20121030, 18642.0,  31097.40, 53.965
20121031, 18436.78,  31119.77, 53.805
20121101, 18487.9,  31065.94, 53.66
20121102, 18692.15,  30699.44, 53.815
20121105, 18749.36,  30738.00, 54.595
20121106, 18739.97,  31048.34, 54.425
20121107, 18802.82,  31303.12, 54.205
20121108, 18779.74,  31316.73, 54.365
20121109, 18832.75,  31635.35, 54.595
20121112, 18691.01,  31859.78, 54.885
20121115, 18728.94,  31562.06, 54.655
20121116, 18491.49,  31572.26, 55.165
20121119, 18349.52,  31713.54, 54.975
20121120, 18422.68,  31824.19, 55.105
20121121, 18379.9,  31802.17, 55.115
20121122, 18510.93,  31880.37, 55.125
20121123, 18543.94,  32134.68, 55.45
20121126, 18574.35,  32458.07, 55.643
20121127, 18616.55,  32390.35, 55.455
20121129, 18873.63,  31761.95, 54.72
20121130, 19229.69,  31583.94, 54.265
20121203, 19342.83,  31689.47, 54.775
20121204, 19277.58,  31524.66, 54.745
20121205, 19397.98,  31317.26, 54.435
20121206, 19475.08,  31109.36, 54.235
20121207, 19514.88,  31231.19, 54.345
20121210, 19442.18,  31475.13, 54.355
20121211, 19466.28,  31393.82, 54.265
20121212, 19432.53,  31416.53, 54.145
20121213, 19403.66,  31193.77, 54.515
20121214, 19217.96,  31226.71, 54.445
20121217, 19290.91,  31272.38, 54.855
20121218, 19293.0,  31338.12, 54.935
20121219, 19429.91,  30906.27, 54.685
20121220, 19511.41,  30729.77, 54.875
20121221, 19394.55,  30742.08, 55.065
20121224, 19278.0,  30874.59, 54.955
20121226, 19302.47,  30737.74, 54.845
20121227, 19479.83,  30737.73, 54.935
20121228, 19364.08,  30737.42, 54.76
20121231, 19422.58,  30800.07, 54.995
20130102, 19693.3,  31051.52, 54.24
20130103, 19771.02,  31096.83, 54.505
20130104, 19782.58,  30780.08, 54.94
20130107, 19820.56,  30992.03, 55.225
20130108, 19681.38,  30953.86, 54.965
20130109, 19770.21,  30930.74, 54.81
20130110, 19728.01,  30878.36, 54.425
20130111, 19813.64,  30895.72, 54.875
20130114, 19689.08,  30834.80, 54.525
20130115, 19999.82,  30897.58, 54.605
20130116, 19978.18,  30954.95, 54.665
20130117, 19846.41,  30769.64, 54.355
20130118, 20038.66,  30710.46, 53.745
20130121, 20132.83,  30827.03, 53.775
20130122, 20102.42,  30846.82, 53.725
20130123, 19997.03,  30823.31, 53.675
20130124, 20017.19,  30658.06, 53.71
20130125, 19945.68,  30464.67, 53.8
20130128, 20129.0,  30462.29, 54.055
20130129, 20080.31,  30441.44, 53.655
20130130, 20014.8,  30406.10, 53.245
20130131, 19987.27,  30378.84, 53.275
20130201, 19907.21,  30544.25, 53.17
20130204, 19860.97,  30609.70, 53.29
20130205, 19665.53,  30708.51, 53.035
20130206, 19737.76,  30670.59, 53.16
20130207, 19589.43,  30770.08, 53.225
20130208, 19577.18,  30797.92, 53.595
20130211, 19517.58,  30708.39, 53.965
20130212, 19489.86,  30591.04, 53.795
20130213, 19601.68,  30582.37, 53.825
20130214, 19626.81,  30550.64, 53.995
20130215, 19449.83,  30301.26, 54.325
20130218, 19496.25,  30230.14, 54.265
20130219, 19523.69,  30142.19, 54.13
20130220, 19717.93,  29782.18, 54.075
20130221, 19549.05,  29557.98, 54.475
20130222, 19341.9,  29617.11, 54.28
20130225, 19365.33,  29613.63, 54.0
20130226, 19290.66,  29849.06, 54.1
20130227, 19090.32,  29892.45, 53.865
20130228, 19264.8,  29731.93, 54.37
20130301, 18876.67,  29676.21, 54.905
20130304, 18920.9,  29696.22, 54.96
20130305, 18943.61,  29668.80, 54.955
20130306, 19254.19,  29587.55, 54.81
20130307, 19222.05,  29531.93, 54.46
20130308, 19478.66,  29330.92, 54.35
20130311, 19679.88,  29395.77, 54.34
20130312, 19675.81,  29457.64, 54.15
20130313, 19511.97,  29535.35, 54.37
20130314, 19367.25,  29427.34, 54.185
20130315, 19570.0,  29404.12, 54.03
20130318, 19282.63,  29593.80, 54.08
20130319, 19345.91,  29741.10, 54.5
20130320, 19026.46,  29826.05, 54.33
20130321, 18926.21,  29777.39, 54.45
20130322, 18784.92,  29786.83, 54.35
20130325, 18894.13,  29628.63, 54.3
20130326, 18645.08,  29620.14, 54.48
20130328, 18702.46,  29770.51, 54.285
20130401, 18890.81,  29864.01, 54.17
20130402, 18863.82,  29809.98, 54.43
20130403, 19034.0,  29424.43, 54.53
20130404, 18731.38,  29279.48, 54.89
20130405, 18493.66,  29521.38, 54.81
20130408, 18455.8,  29618.36, 54.61
20130409, 18481.47,  29600.55, 54.48
20130410, 18355.14,  29474.56, 54.42
20130411, 18577.51,  29184.19, 54.305
20130412, 18275.66,  28697.09, 54.52
20130415, 18196.08,  26464.73, 54.55
20130416, 18356.32,  25747.64, 53.97
20130417, 18773.44,  25662.71, 54.18
20130418, 18695.33,  25654.35, 54.03
20130422, 18989.77,  26349.39, 54.21
20130423, 19210.25,  26244.65, 54.31
20130425, 19192.1,  26773.14, 54.105
20130426, 19376.0,  27160.13, 54.38
20130429, 19306.66,  27188.70, 54.195
20130430, 19492.83,  26978.56, 53.685
20130502, 19459.33,  26775.81, 53.835
20130503, 19707.94,  27020.59, 53.81
20130506, 19571.66,  27116.36, 54.135
20130507, 19697.33,  26828.26, 54.065
20130508, 19950.22,  26906.56, 54.085
20130509, 20015.85,  27120.81, 54.365
20130510, 19911.08,  26846.19, 54.81
20130513, 20073.41,  26793.46, 54.835
20130514, 19715.8,  26774.21, 54.805
20130515, 19798.17,  26442.52, 54.785
20130516, 20167.92,  26032.04, 54.785
20130517, 20267.59,  25951.47, 54.895
20130520, 20277.75,  25694.05, 55.04
20130521, 20227.16,  26113.12, 55.435
20130522, 20150.68,  26259.53, 55.66
20130523, 19971.36,  26309.93, 55.715
20130524, 19765.32,  26381.22, 55.82
20130527, 19750.66,  26433.32, 55.573
20130528, 20056.27,  26404.61, 56.115
20130529, 20202.5,  26566.61, 56.305
20130530, 20066.93,  26988.94, 56.385
20130531, 20186.66,  27184.51, 56.58
20130603, 19859.22,  27182.00, 56.675
20130604, 19605.67,  27155.69, 56.495
20130605, 19532.41,  27436.83, 56.855
20130606, 19503.67,  27715.66, 56.93
20130607, 19522.31,  27752.26, 57.065
20130610, 19530.34,  27814.47, 58.155
20130611, 19382.22,  27940.44, 58.34
20130612, 19103.96,  27788.75, 57.835
20130613, 18897.49,  27946.89, 58.005
20130614, 18959.83,  27723.19, 57.505
20130617, 19249.9,  27847.49, 58.11
20130618, 19329.16,  27995.88, 58.845
20130619, 19224.08,  27962.22, 58.72
20130620, 19069.19,  27289.91, 59.575
20130621, 18695.8,  26851.90, 59.275
20130624, 18714.06,  26753.08, 59.815
20130625, 18602.25,  26625.70, 59.665
20130626, 18662.36,  26058.66, 60.72
20130627, 18716.1,  25870.02, 60.195
20130628, 19093.17,  25186.26, 59.533
20130701, 19352.48,  25777.95, 59.385
20130702, 19573.92,  26057.86, 59.555
20130703, 19347.1,  26214.18, 60.226000000000006
20130704, 19256.11,  26188.53, 60.075
20130705, 19568.78,  25942.96, 60.23
20130708, 19418.98,  26048.60, 60.695
20130709, 19399.36,  26178.12, 60.102
20130710, 19482.66,  26127.34, 59.895
20130711, 19468.46,  26671.16, 59.833999999999996
20130712, 19898.68,  26586.64, 59.891000000000005
20130715, 19926.09,  26705.38, 59.815
20130716, 19788.08,  26487.26, 59.3
20130717, 19928.94,  26537.98, 59.33
20130718, 19999.5,  26557.24, 59.745
20130719, 20213.44,  26709.16, 59.34
20130722, 20096.71,  27316.12, 59.725
20130723, 20249.98,  27573.77, 59.76
20130724, 20200.19,  27492.96, 59.255
20130725, 20062.0,  27215.44, 58.965
20130726, 19892.47,  27367.20, 59.04600000000001
20130729, 19714.41,  27870.77, 59.555
20130730, 19577.75,  28292.05, 60.815
20130731, 19304.07,  28322.86, 60.855
20130801, 19443.28,  28003.88, 60.565
20130802, 19399.55,  27762.51, 61.105
20130805, 19178.06,  27961.93, 60.86
20130806, 19127.09,  27758.59, 60.79
20130807, 18758.52,  27532.10, 61.21
20130808, 18687.3,  27713.90, 60.731
20130812, 18898.93,  28594.31, 61.125
20130813, 18895.25,  28934.40, 61.336999999999996
20130814, 19299.41,  28943.11, 61.284
20130816, 19297.1,  30322.42, 61.665
20130819, 18587.38,  30975.27, 63.14
20130820, 18142.83,  30757.01, 63.125
20130821, 18545.43,  31120.47, 64.115
20130822, 17896.83,  31405.12, 64.555
20130823, 18386.52,  31424.50, 63.205
20130826, 18602.56,  31863.61, 64.3
20130827, 18460.72,  33117.14, 66.31
20130828, 17851.43,  34207.47, 68.805
20130829, 18073.66,  33461.00, 66.555
20130830, 18424.72,  32957.96, 65.705
20130902, 18691.83,  32738.26, 66.005
20130903, 19002.76,  33788.50, 67.635
20130904, 18314.67,  33282.59, 67.07
20130905, 18857.59,  32458.60, 66.015
20130906, 19072.01,  31925.79, 65.245
20130910, 19448.39,  30992.06, 63.845
20130911, 19999.76,  30706.25, 63.275
20130912, 20046.05,  30242.27, 63.43
20130913, 19744.53,  29751.03, 63.38
20130916, 19977.38,  29595.30, 62.835
20130917, 19721.9,  29900.75, 63.375
20130918, 19865.99,  29601.33, 63.385
20130919, 20354.73,  30379.68, 61.775
20130920, 20616.34,  30217.30, 62.235
20130923, 20060.82,  29708.72, 62.605
20130924, 19820.02,  29713.96, 62.79
20130925, 19947.42,  30019.62, 62.445
20130926, 19853.66,  29966.18, 62.075
20130927, 19951.73,  30251.29, 62.515
20130930, 19643.89,  30243.88, 62.59
20131001, 19452.05,  29421.08, 62.46
20131003, 19585.78,  29283.05, 61.735
20131004, 19870.0,  29193.68, 61.435
20131007, 19880.93,  29391.70, 61.795
20131008, 20094.21,  29563.27, 61.955
20131009, 19918.19,  29290.81, 61.88
20131010, 20228.75,  29070.23, 61.36
20131011, 20535.9,  28544.87, 61.02
20131014, 20534.6,  28760.36, 61.555
20131015, 20722.9,  28650.48, 61.84
20131017, 20579.56,  29337.23, 61.14
20131018, 20486.77,  29575.27, 61.24
20131021, 20915.75,  29721.96, 61.58
20131022, 20863.15,  29886.60, 61.655
20131023, 20875.31,  30163.54, 61.63
20131024, 20766.05,  30379.21, 61.47
20131025, 20725.51,  30573.53, 61.465
20131028, 20696.5,  30916.37, 61.445
20131029, 20593.49,  30381.56, 61.43
20131030, 20944.14,  30213.22, 61.26
20131031, 21000.59,  29840.33, 61.623999999999995
20131101, 21158.81,  29849.80, 61.75
20131105, 21134.09,  29608.43, 61.635
20131106, 21004.53,  29890.93, 62.4
20131107, 20896.13,  30011.88, 62.42
20131108, 20785.19,  29851.88, 62.48
20131111, 20596.4,  29936.58, 63.245
20131112, 20510.31,  30233.08, 63.72
20131113, 20248.51,  30091.47, 63.31
20131114, 20351.39,  30260.36, 63.12
20131118, 20570.58,  30161.88, 62.42
20131119, 20870.16,  30093.39, 62.37
20131120, 20857.0,  30232.60, 62.58
20131121, 20579.25,  30018.63, 62.94
20131122, 20316.58,  30057.42, 62.733000000000004
20131125, 20326.66,  29773.95, 62.51
20131126, 20604.26,  30149.96, 62.51
20131127, 20449.0,  29995.95, 62.15
20131128, 20522.35,  29822.60, 62.282
20131129, 20558.92,  29793.79, 62.398999999999994
20131202, 20771.26,  29078.67, 62.325
20131203, 20857.84,  28913.42, 62.37
20131204, 20839.44,  29196.41, 62.06
20131205, 20992.25,  29252.08, 61.763000000000005
20131206, 20955.74,  29081.04, 61.435
20131209, 21416.66,  28963.58, 61.14
20131210, 21293.58,  29385.40, 61.05
20131211, 21191.26,  29490.75, 61.255
20131212, 21101.05,  29293.26, 61.82
20131213, 20867.16,  29265.11, 62.195
20131216, 20714.25,  28997.08, 61.74
20131217, 20732.43,  28832.71, 62.02
20131218, 20568.69,  28763.82, 62.1
20131219, 20959.8,  28495.93, 62.15
20131220, 20792.36,  28420.25, 62.0
20131223, 21080.53,  28375.92, 61.963
20131224, 21127.66,  28352.22, 61.755
20131226, 21051.0,  28567.69, 62.17
20131227, 21114.49,  28466.86, 61.94
20131230, 21260.15,  28379.40, 61.92
20131231, 21177.76,  28287.21, 61.81
20140101, 21222.18,  28295.24, 61.91
20140102, 21179.91,  28755.18, 62.27
20140103, 20819.58,  29021.81, 62.19
20140106, 20913.78,  29074.67, 62.315
20140107, 20845.76,  28880.70, 62.305
20140108, 20767.41,  28721.79, 62.165
20140109, 20755.73,  28773.91, 62.095
20140110, 20760.72,  28896.69, 61.907
20140113, 20850.53,  29066.12, 61.525
20140114, 21115.0,  29138.44, 61.49
20140115, 21091.46,  28927.89, 61.58
20140116, 21366.91,  29005.04, 61.54
20140117, 21236.65,  29063.86, 61.545
20140120, 21083.52,  29301.48, 61.625
20140121, 21237.96,  29202.43, 61.885
20140122, 21251.65,  29148.07, 61.82
20140123, 21319.68,  29098.58, 61.933
20140124, 21289.15,  29300.59, 62.695
20140127, 20899.02,  29629.32, 63.105
20140128, 20721.16,  29450.80, 62.575
20140129, 20784.03,  29444.24, 62.475
20140130, 20491.74,  29317.63, 62.565
20140131, 20544.64,  29019.06, 62.685
20140203, 20479.02,  28863.79, 62.565
20140204, 20050.99,  28820.12, 62.53
20140205, 20241.11,  28848.21, 62.6
20140206, 20286.08,  28776.52, 62.38
20140207, 20441.03,  28769.17, 62.305
20140210, 20429.16,  28935.31, 62.455
20140211, 20400.93,  29079.12, 62.225
20140212, 20449.83,  29063.02, 62.095
20140213, 20478.66,  29134.53, 62.425
20140214, 20265.13,  29323.66, 61.855
20140217, 20438.86,  29815.28, 61.845
20140218, 20457.56,  30081.00, 62.18
20140219, 20643.84,  29954.79, 62.24
20140220, 20661.07,  29863.15, 62.24
20140221, 20600.58,  29848.00, 62.14
20140224, 20695.48,  30064.42, 62.075
20140225, 20877.72,  30124.91, 61.985
20140226, 20869.6,  30086.51, 61.985
20140228, 20995.39,  30154.05, 61.795
20140303, 21079.26,  30445.80, 62.045
20140304, 20947.0,  30241.39, 61.905
20140305, 21280.35,  30122.54, 61.755
20140306, 21336.32,  29997.91, 61.115
20140307, 21539.43,  30123.39, 61.085
20140310, 21819.18,  30011.46, 60.845
20140311, 21918.83,  30094.68, 60.945
20140312, 21793.32,  30384.83, 61.22
20140313, 21736.6,  30407.04, 61.175
20140314, 21648.05,  30529.16, 61.205
20140318, 21849.65,  30147.73, 61.115
20140319, 21872.67,  30045.64, 60.975
20140320, 21797.6,  29784.98, 61.34
20140321, 21823.51,  29751.18, 60.9
20140324, 21827.5,  29347.09, 60.78
20140325, 21948.31,  29040.26, 60.485
20140326, 22134.71,  28713.39, 60.145
20140327, 22116.23,  28392.44, 60.245
20140328, 22273.43,  28296.31, 59.89
20140331, 22423.14,  28348.50, 60.015
20140401, 22455.23,  28072.06, 60.015
20140402, 22550.58,  27943.45, 59.905
20140403, 22598.18,  28137.97, 60.17
20140404, 22522.46,  28207.08, 60.085
20140407, 22355.56,  28290.24, 60.115
20140409, 22389.21,  28459.59, 60.145
20140410, 22729.46,  28698.98, 60.075
20140411, 22642.05,  28754.22, 60.18
20140415, 22698.08,  28572.92, 60.235
20140416, 22486.73,  28490.60, 60.375
20140417, 22327.75,  28517.56, 60.295
20140421, 22644.75,  28401.38, 60.595
20140422, 22771.24,  28587.22, 60.765
20140423, 22783.65,  28740.61, 61.095
20140425, 22892.5,  28878.94, 60.645
20140428, 22717.58,  28916.52, 60.65
20140429, 22654.27,  28762.74, 60.425
20140430, 22517.63,  28695.53, 60.345
20140502, 22493.58,  28624.72, 60.185
20140505, 22412.8,  28912.39, 60.24
20140506, 22512.23,  28880.46, 59.985
20140507, 22488.96,  28806.84, 60.025
20140508, 22382.14,  28520.17, 59.9
20140509, 22374.98,  28552.22, 59.965
20140512, 23031.1,  28562.79, 60.055
20140513, 23729.77,  28522.24, 59.465
20140514, 23897.88,  28669.75, 59.485
20140515, 23809.41,  28496.68, 59.465
20140516, 24271.53,  28071.80, 58.585
20140519, 24340.32,  28134.52, 58.375
20140520, 24555.31,  28138.15, 58.59
20140521, 24404.48,  27801.49, 58.695
20140522, 24415.41,  27250.69, 58.285
20140523, 24535.14,  27223.60, 58.525
20140526, 24913.89,  27289.92, 58.715
20140527, 24748.09,  27052.74, 59.045
20140528, 24591.6,  26706.08, 58.945
20140529, 24523.13,  26447.16, 58.92
20140530, 24300.99,  26399.62, 59.195
20140602, 24368.96,  25958.28, 59.155
20140603, 24729.22,  25825.56, 59.34
20140604, 24909.02,  25887.90, 59.28
20140605, 24828.38,  25880.53, 59.26
20140606, 25204.94,  25887.69, 59.175
20140609, 25543.59,  25914.73, 59.205
20140610, 25706.34,  26065.56, 59.215
20140611, 25650.61,  26075.02, 59.34
20140612, 25597.21,  26132.64, 59.295
20140613, 25677.05,  26496.79, 59.71
20140616, 25239.5,  26927.77, 60.185
20140617, 25189.46,  26716.01, 60.33
20140618, 25565.18,  26835.12, 60.3
20140619, 25327.08,  27169.30, 60.095
20140620, 25237.53,  27647.82, 60.175
20140623, 25108.08,  27672.13, 60.16
20140624, 25115.83,  27740.25, 60.16
20140625, 25421.49,  27689.59, 60.085
20140626, 25217.68,  27630.93, 60.21
20140627, 25132.08,  27695.86, 60.045
20140630, 25179.55,  27651.53, 60.06
20140701, 25469.93,  27852.79, 60.06
20140702, 25660.57,  27653.93, 59.692
20140703, 25875.75,  27520.14, 59.74
20140704, 25844.8,  27525.71, 59.725
20140707, 26039.66,  27443.95, 59.955
20140708, 26166.91,  27497.03, 59.755
20140709, 25615.27,  27625.96, 59.765
20140710, 25513.74,  28152.83, 60.195
20140711, 25488.85,  28338.97, 60.095
20140714, 25093.16,  27986.59, 60.125
20140715, 25100.9,  27800.05, 60.125
20140716, 25322.16,  27657.87, 60.125
20140717, 25540.91,  27976.93, 60.185
20140718, 25558.48,  28029.33, 60.285
20140721, 25776.53,  28090.82, 60.245
20140722, 25784.48,  27924.53, 60.105
20140723, 26130.25,  27945.03, 60.02
20140724, 26188.5,  27751.88, 60.125
20140725, 26257.14,  27774.79, 60.06
20140728, 26173.47,  27959.30, 60.09
20140730, 26005.14,  27855.73, 60.065
20140731, 26105.89,  27916.81, 60.555
20140801, 25753.91,  28090.83, 61.215
20140804, 25631.67,  28157.03, 60.945
20140805, 25817.83,  28080.43, 60.85
20140806, 25892.55,  28443.09, 61.5
20140807, 25668.71,  28650.50, 61.245
20140808, 25406.86,  28834.40, 61.145
20140811, 25476.86,  28611.99, 61.175
20140812, 25703.77,  28733.19, 61.085
20140813, 25861.47,  28679.64, 61.095
20140814, 25948.3,  28632.09, 60.765
20140818, 26123.68,  28342.73, 60.78
20140819, 26482.56,  28293.64, 60.675
20140820, 26496.28,  28207.58, 60.615
20140821, 26322.66,  27922.59, 60.675
20140822, 26419.52,  27803.43, 60.47
20140825, 26490.31,  27772.24, 60.57
20140826, 26349.86,  27926.84, 60.435
20140827, 26553.24,  27849.19, 60.455
20140828, 26620.17,  28040.34, 60.5
20140901, 26733.17,  27946.33, 60.53
20140902, 26888.21,  27694.54, 60.685
20140903, 27128.06,  27510.65, 60.49
20140904, 27164.94,  27516.35, 60.36
20140905, 27127.25,  27414.94, 60.395
20140908, 27145.11,  27295.00, 60.275
20140909, 27316.42,  27270.54, 60.605
20140910, 27230.93,  27311.27, 60.93
20140911, 27143.22,  27081.84, 60.93
20140912, 27048.15,  26916.34, 60.655
20140915, 26998.07,  27001.03, 61.105
20140916, 26854.9,  27014.33, 61.06
20140917, 26627.21,  26936.77, 60.915
20140918, 26573.89,  26673.97, 60.74
20140919, 27139.39,  26565.85, 60.86
20140922, 27008.11,  26456.33, 60.945
20140923, 27244.98,  26687.11, 61.055
20140924, 26817.93,  26638.41, 60.945
20140925, 26808.66,  26643.94, 61.335
20140926, 26429.3,  26908.83, 61.145
20140929, 26694.41,  26935.79, 61.56
20140930, 26610.71,  26936.98, 61.94
20141001, 26681.47,  26916.05, 61.725
20141007, 26487.5,  26740.74, 61.305
20141008, 26229.66,  26869.75, 61.36
20141009, 26394.36,  26951.18, 61.055
20141010, 26551.74,  26947.63, 61.285
20141013, 26275.07,  27073.40, 61.01
20141014, 26537.41,  27188.62, 61.4
20141016, 26260.34,  27487.44, 61.84
20141017, 25950.0,  27328.06, 61.365
20141020, 26434.16,  27374.85, 61.235
20141021, 26552.44,  27576.44, 61.15
20141022, 26782.57,  27488.29, 61.2
20141027, 26889.5,  27186.03, 61.305
20141028, 26788.73,  27172.35, 61.188
20141029, 27017.43,  27097.54, 61.29
20141030, 27098.93,  26739.63, 61.44
20141031, 27439.06,  26140.17, 61.405
20141103, 27943.03,  26033.79, 61.42
20141105, 27907.18,  25529.93, 61.435
20141107, 27902.71,  25522.43, 61.52
20141110, 27919.44,  25873.71, 61.485
20141111, 27911.25,  25632.07, 61.515
20141112, 27958.64,  25852.83, 61.375
20141113, 28048.56,  25813.18, 61.6
20141114, 27949.53,  25903.46, 61.715
20141117, 28018.67,  26404.13, 61.83
20141118, 28209.02,  26593.74, 61.725
20141119, 28193.9,  26623.97, 61.945
20141120, 28100.83,  26513.25, 61.93
20141121, 28100.09,  26508.04, 61.766999999999996
20141124, 28413.0,  26505.10, 61.86
20141125, 28520.75,  26475.87, 61.865
20141126, 28321.58,  26413.48, 61.795
20141127, 28397.8,  26342.15, 61.86
20141128, 28490.71,  26234.99, 62.21
20141201, 28748.22,  26167.11, 61.955
20141202, 28522.46,  26582.82, 61.795
20141203, 28472.32,  26673.08, 61.863
20141204, 28616.92,  26667.84, 61.79
20141205, 28604.5,  26480.17, 61.918
20141208, 28433.0,  26385.63, 61.825
20141209, 28134.22,  26848.78, 61.88
20141210, 27711.96,  27200.55, 62.115
20141211, 27796.33,  27148.93, 62.48
20141212, 27598.96,  27151.60, 62.525
20141215, 27136.27,  27233.82, 63.175
20141216, 27181.17,  27290.00, 63.66
20141217, 26724.0,  27106.25, 63.525
20141218, 27053.85,  26988.18, 62.99
20141219, 27292.55,  26946.98, 63.245
20141222, 27479.86,  26826.21, 63.23
20141223, 27733.11,  26624.04, 63.44
20141224, 27530.25,  26616.36, 63.52
20141230, 27478.3,  26926.59, 63.385
20141231, 27358.3,  26833.22, 63.035
20150102, 27521.27,  26607.14, 63.285
20150105, 27978.42,  26889.10, 63.345
20150106, 27694.23,  27242.47, 63.575
20150107, 26983.42,  27233.08, 63.28
20150108, 27178.76,  26874.26, 62.675
20150109, 27404.18,  26783.57, 62.355
20150112, 27523.85,  26955.64, 62.075
20150113, 27611.56,  27144.64, 61.98
20150114, 27432.14,  27064.98, 62.095
20150115, 27831.16,  27123.77, 62.065
20150116, 28056.6,  27563.86, 61.87
20150119, 28249.83,  27715.03, 61.645
20150120, 28324.84,  27965.54, 61.655
20150121, 28843.08,  28092.73, 61.56
20150122, 28957.78,  27986.02, 61.605
20150123, 29189.44,  27965.42, 61.44
20150127, 29189.44,  27763.50, 61.41
20150128, 29565.72,  27854.94, 61.358000000000004
20150129, 29516.49,  27670.24, 61.801
20150130, 29801.59,  27646.88, 62.02
20150202, 29143.63,  27719.15, 61.718999999999994
20150203, 29217.4,  27546.48, 61.596000000000004
20150204, 29129.84,  27445.50, 61.842
20150205, 28912.38,  27394.89, 61.708999999999996
20150206, 28892.21,  27106.29, 61.97
20150209, 28566.5,  26919.51, 62.148999999999994
20150210, 28122.48,  26885.55, 62.327
20150211, 28450.25,  26774.64, 62.382
20150212, 28650.25,  26627.09, 62.15
20150213, 28888.99,  26685.38, 62.076
20150216, 29170.76,  26783.16, 62.105
20150218, 29170.76,  26239.45, 62.056999999999995
20150219, 29434.91,  26379.87, 62.138000000000005
20150220, 29446.21,  26295.37, 62.108999999999995
20150223, 29316.58,  26139.94, 62.163000000000004
20150224, 29016.55,  26106.38, 62.17
20150225, 29115.32,  26218.39, 61.861999999999995
20150226, 29051.9,  26276.54, 61.731
20150227, 28865.11,  26216.79, 61.659
20150302, 29533.41,  26657.68, 61.861999999999995
20150303, 29500.18,  26486.31, 61.818999999999996
20150304, 29937.26,  26505.75, 62.309
20150305, 29436.76,  26527.20, 62.381
20150309, 29436.76,  26067.51, 62.63399999999999
20150310, 28924.06,  25915.76, 62.72
20150311, 28725.75,  25811.59, 62.781000000000006
20150312, 28798.6,  25709.33, 62.542
20150313, 29134.92,  25833.87, 63.083
20150316, 28546.31,  25825.99, 62.78
20150317, 28595.0,  25681.80, 62.623000000000005
20150318, 28766.86,  25598.35, 62.701
20150319, 28805.22,  25900.41, 62.49
20150320, 28465.43,  26043.73, 62.41
20150323, 28317.28,  26152.50, 62.23
20150324, 28209.33,  26280.56, 62.348
20150325, 28216.08,  26387.08, 62.412
20150326, 27937.61,  26830.73, 62.836000000000006
20150327, 27649.77,  26644.63, 62.523
20150330, 27655.78,  26403.48, 62.51
20150331, 28069.84,  26327.46, 62.291000000000004
20150401, 27954.85,  26471.19, 62.141999999999996
20150406, 27954.85,  26986.56, 62.207
20150407, 28582.33,  26906.96, 62.29600000000001
20150408, 28601.49,  26811.10, 62.192
20150409, 28858.41,  26544.37, 62.306000000000004
20150410, 28889.26,  26697.59, 62.276
20150413, 28955.13,  26721.29, 62.407
20150415, 28955.13,  26569.35, 62.36
20150416, 28876.23,  26727.52, 62.317
20150417, 28682.97,  26767.12, 62.55
20150420, 28525.65,  26877.62, 63.137
20150421, 27860.5,  26865.78, 62.854
20150422, 27756.67,  26808.50, 62.98
20150423, 27977.26,  26785.94, 63.277
20150424, 27804.58,  26814.70, 63.662
20150427, 27565.49,  26888.63, 63.346000000000004
20150428, 27215.6,  27099.31, 63.053000000000004
20150429, 27395.71,  27178.99, 63.46
20150430, 27242.05,  26985.44, 63.528999999999996
20150504, 27242.05,  26850.21, 63.516000000000005
20150505, 27561.32,  26898.53, 63.369
20150506, 27473.35,  26944.38, 63.621
20150507, 26721.33,  26949.52, 64.07300000000001
20150508, 26814.38,  26903.09, 63.711000000000006
20150511, 27249.41,  26870.78, 64.007
20150512, 27502.91,  27073.62, 64.14699999999999
20150513, 27023.71,  27263.12, 64.013
20150514, 27290.16,  27479.19, 63.383
20150515, 27233.9,  27394.28, 63.44
20150518, 27416.97,  27633.72, 63.708
20150519, 27663.08,  27423.37, 63.763000000000005
20150520, 27749.3,  27276.65, 63.598
20150521, 27885.35,  27213.54, 63.58
20150522, 27849.53,  27186.22, 63.49
20150525, 27893.25,  27152.44, 63.496
20150526, 27633.66,  27029.76, 63.972
20150527, 27447.4,  26924.97, 63.826
20150528, 27619.31,  26873.52, 63.763000000000005
20150529, 27553.02,  26934.69, 63.743
20150601, 27770.78,  27053.97, 63.593999999999994
20150602, 27890.73,  27108.57, 63.68899999999999
20150603, 27230.67,  27124.73, 63.997
20150604, 26940.64,  26974.64, 63.964
20150605, 26819.82,  26734.55, 63.77
20150608, 26814.31,  26799.08, 63.946999999999996
20150609, 26510.28,  26848.96, 64.01
20150610, 26517.32,  26960.76, 63.766000000000005
20150611, 26959.98,  26890.59, 63.958999999999996
20150612, 26340.32,  26924.54, 64.1
20150615, 26498.66,  26912.11, 64.085
20150616, 26586.85,  26979.10, 64.166
20150617, 26815.41,  26871.74, 64.01100000000001
20150618, 26916.99,  27101.26, 63.577
20150619, 27207.75,  27115.57, 63.5
20150622, 27427.18,  26861.26, 63.523
20150623, 27760.1,  26698.24, 63.607
20150624, 27852.32,  26577.75, 63.526
20150625, 27660.22,  26527.95, 63.518
20150626, 27880.72,  26508.77, 63.452
20150629, 27451.07,  26746.27, 63.707
20150630, 27627.39,  26530.10, 63.604
20150701, 27823.65,  26459.17, 63.55
20150702, 28100.38,  26245.53, 63.299
20150703, 27973.11,  26298.82, 63.411
20150706, 27857.19,  26288.57, 63.263999999999996
20150707, 28220.1,  26129.91, 63.476000000000006
20150708, 28031.44,  26046.58, 63.458999999999996
20150709, 27681.49,  26143.69, 63.318000000000005
20150710, 27705.35,  26101.81, 63.358000000000004
20150713, 27739.32,  26021.48, 63.45
20150714, 27986.91,  25964.71, 63.281000000000006
20150715, 28022.14,  25885.90, 63.507
20150716, 28259.69,  25759.64, 63.463
20150717, 28480.91,  25621.93, 63.492
20150720, 28544.27,  25059.39, 63.6
20150721, 28381.82,  24955.05, 63.583
20150722, 28159.41,  24674.79, 63.571000000000005
20150723, 28540.97,  24820.08, 63.92100000000001
20150724, 28390.5,  24582.43, 64.10600000000001
20150727, 28117.65,  24932.14, 64.202
20150728, 27630.21,  24788.31, 63.799
20150729, 27540.46,  24795.44, 63.821000000000005
20150730, 27685.82,  24739.15, 64.138
20150731, 27814.5,  24770.01, 63.988
20150803, 28089.08,  24929.63, 64.17699999999999
20150804, 28225.03,  24813.93, 63.798
20150805, 28138.03,  24727.45, 63.692
20150806, 28291.88,  24737.13, 63.722
20150807, 28327.1,  24846.99, 63.739
20150810, 28250.77,  25030.67, 63.773
20150811, 28193.25,  25333.09, 64.332
20150812, 27880.75,  25799.06, 64.855
20150813, 27635.25,  25919.51, 65.203
20150814, 27668.06,  25838.17, 65.12899999999999
20150817, 28093.53,  25988.51, 65.436
20150818, 27949.13,  25996.31, 65.454
20150819, 27851.81,  26076.98, 65.109
20150820, 27959.18,  26589.87, 65.433
20150821, 27440.09,  27102.79, 66.03399999999999
20150824, 26730.4,  27468.45, 66.814
20150825, 25916.25,  26968.73, 66.28
20150826, 26063.26,  26521.88, 66.00399999999999
20150827, 26137.02,  26344.48, 65.968
20150828, 26542.83,  26549.68, 66.15
20150831, 26469.41,  26656.99, 66.41199999999999
20150901, 26127.03,  26864.69, 66.383
20150902, 25891.94,  26724.93, 66.202
20150903, 25614.68,  26480.30, 66.1
20150904, 25772.58,  26528.27, 66.685
20150907, 25302.98,  26554.31, 66.88600000000001
20150908, 24972.0,  26461.22, 66.294
20150909, 25682.86,  26252.95, 66.619
20150910, 25522.96,  26165.07, 66.29899999999999
20150911, 25793.76,  26059.61, 66.241
20150914, 25706.86,  26041.55, 66.26100000000001
20150915, 25908.33,  26015.02, 66.447
20150916, 25884.05,  26170.99, 66.219
20150918, 26130.35,  26466.13, 65.868
20150921, 26107.98,  26426.94, 65.691
20150922, 26274.36,  26316.83, 65.91
20150923, 25526.52,  26364.52, 66.184
20150924, 25798.05,  26779.90, 66.11
20150928, 25922.71,  26549.01, 66.267
20150929, 25496.38,  26370.40, 65.837
20150930, 25986.51,  26080.80, 65.517
20151001, 26344.18,  26030.51, 65.631
20151005, 26379.41,  26385.36, 65.134
20151006, 26976.66,  26563.81, 65.12899999999999
20151007, 26966.85,  26596.93, 64.907
20151008, 27116.85,  26456.48, 64.819
20151009, 26974.91,  26590.16, 64.78
20151012, 27242.59,  26827.90, 64.795
20151013, 26874.28,  26847.15, 65.098
20151014, 26760.32,  27107.13, 64.736
20151015, 26842.18,  27247.10, 64.779
20151016, 27062.8,  27139.93, 64.703
20151019, 27305.61,  26984.05, 64.919
20151020, 27402.9,  27072.61, 65.024
20151021, 27312.34,  27076.06, 65.146
20151023, 27466.64,  26913.21, 64.892
20151026, 27575.03,  26844.40, 64.921
20151027, 27291.06,  26866.77, 65.112
20151028, 27131.71,  27060.28, 64.954
20151029, 27083.69,  26753.67, 65.449
20151030, 26878.48,  26541.13, 65.423
20151102, 26641.68,  26468.30, 65.561
20151103, 26660.71,  26240.79, 65.569
20151104, 26704.01,  25922.23, 65.609
20151105, 26557.8,  25817.16, 65.86
20151106, 26284.0,  25668.14, 66.14
20151109, 25809.0,  25697.74, 66.475
20151110, 26094.08,  25624.42, 66.2
20151113, 25934.9,  25409.11, 66.059
20151116, 25580.15,  25550.55, 65.88600000000001
20151117, 25897.88,  25194.05, 65.98100000000001
20151118, 25837.71,  25093.36, 66.033
20151119, 25640.33,  25258.85, 66.09
20151120, 25856.13,  25358.23, 66.058
20151123, 25945.14,  25164.16, 66.395
20151124, 25785.6,  25274.58, 66.262
20151126, 25769.81,  25310.96, 66.565
20151127, 26003.19,  25169.65, 66.907
20151130, 26142.52,  25079.12, 66.462
20151201, 26201.26,  25334.87, 66.434
20151202, 26239.39,  25193.68, 66.59100000000001
20151203, 26123.85,  25074.08, 66.79
20151204, 25810.06,  25451.83, 66.643
20151207, 25746.02,  25628.82, 66.773
20151208, 25488.41,  25483.53, 66.857
20151209, 25299.33,  25588.75, 66.855
20151210, 25136.71,  25463.29, 66.756
20151211, 25281.76,  25463.95, 67.148
20151214, 24935.59,  25482.91, 67.093
20151215, 25186.67,  25301.83, 66.863
20151216, 25402.47,  25356.39, 66.476
20151217, 25596.63,  25032.96, 66.421
20151218, 25764.66,  24997.20, 66.255
20151221, 25425.32,  25256.11, 66.251
20151222, 25731.07,  25319.89, 66.244
20151223, 25697.66,  25151.90, 66.03699999999999
20151224, 25893.83,  25174.02, 65.947
20151228, 25858.51,  25152.20, 66.137
20151229, 26075.67,  25199.54, 66.235
20151230, 26123.86,  25091.17, 66.475
20151231, 25980.85,  24930.61, 66.208
20160104, 26116.51,  25314.93, 66.579
20160105, 25744.69,  25410.38, 66.48100000000001
20160106, 25628.23,  25634.82, 66.69800000000001
20160107, 25224.69,  25986.14, 66.891
20160108, 24969.01,  25938.08, 66.847
20160111, 24787.1,  25990.54, 66.76
20160112, 24862.92,  25785.77, 66.946
20160113, 24804.64,  25621.52, 66.917
20160114, 24606.19,  25859.96, 67.316
20160115, 24881.75,  25972.43, 67.775
20160118, 24400.77,  26041.11, 67.661
20160119, 24257.27,  25976.52, 67.734
20160120, 24325.76,  26354.11, 67.958
20160121, 24194.75,  26330.95, 67.79899999999999
20160122, 24122.06,  26179.98, 67.54899999999999
20160125, 24540.97,  26359.59, 67.755
20160127, 24643.13,  26747.04, 68.14399999999999
20160128, 24481.85,  26759.22, 68.053
20160129, 24347.31,  26618.18, 67.878
20160201, 24982.22,  26847.68, 67.835
20160202, 24868.21,  26960.77, 67.975
20160203, 24393.58,  27131.87, 67.934
20160204, 24386.44,  27325.03, 67.544
20160205, 24360.35,  27442.25, 67.81
20160208, 24637.41,  28058.44, 68.03399999999999
20160209, 24076.84,  28365.60, 67.90100000000001
20160210, 23938.32,  28202.64, 67.861
20160211, 23758.46,  29372.10, 68.471
20160212, 23060.39,  29533.60, 68.118
20160215, 23223.42,  28794.80, 68.131
20160216, 23688.6,  28818.60, 68.47399999999999
20160217, 23237.23,  28881.01, 68.329
20160218, 23536.47,  28969.60, 68.542
20160219, 23640.32,  29469.24, 68.545
20160222, 23783.47,  28985.17, 68.533
20160223, 23850.41,  29243.46, 68.561
20160224, 23332.93,  29594.20, 68.431
20160225, 23105.16,  29629.87, 68.768
20160226, 23141.08,  29496.76, 68.737
20160229, 23238.5,  29585.59, 68.208
20160301, 23153.32,  29556.36, 67.753
20160302, 24044.96,  29220.84, 67.395
20160303, 24386.66,  29429.88, 67.122
20160304, 24704.58,  29800.20, 66.938
20160308, 24655.18,  30000.67, 67.313
20160309, 24527.26,  29553.51, 67.128
20160310, 24815.69,  29498.03, 67.30199999999999
20160311, 24620.39,  29714.90, 66.921
20160314, 24801.69,  29410.76, 67.138
20160315, 24832.03,  29057.55, 67.372
20160316, 24537.6,  29041.21, 67.173
20160317, 24852.17,  29481.31, 66.619
20160318, 24729.41,  29238.90, 66.384
20160321, 25007.56,  28966.79, 66.5
20160322, 25331.0,  29153.96, 66.755
20160323, 25322.09,  28745.08, 66.93
20160328, 25417.1,  28463.26, 66.608
20160329, 24957.24,  28575.41, 66.375
20160330, 25062.06,  28668.83, 66.375
20160331, 25364.75,  28635.51, 66.255
20160401, 25301.69,  28603.00, 66.365
20160404, 25333.98,  28381.25, 66.10600000000001
20160405, 25372.43,  28753.49, 66.422
20160406, 24978.85,  28706.45, 66.517
20160407, 24998.78,  28939.94, 66.757
20160408, 24665.8,  28981.01, 66.551
20160411, 24789.4,  29273.96, 66.28699999999999
20160412, 25056.47,  29368.48, 66.283
20160413, 25358.41,  29169.92, 66.49600000000001
20160418, 25833.16,  29068.28, 66.416
20160420, 25942.33,  29293.16, 66.166
20160421, 25979.67,  29487.03, 66.48899999999999
20160422, 25892.49,  29272.74, 66.66
20160425, 25891.02,  29186.14, 66.685
20160426, 25604.91,  29155.10, 66.404
20160427, 25956.41,  29341.95, 66.362
20160428, 26078.27,  29549.76, 66.40100000000001
20160429, 25612.91,  30085.05, 66.425
20160502, 25565.43,  30378.14, 66.346
20160503, 25500.14,  30298.51, 66.558
20160504, 25210.86,  30124.07, 66.627
20160505, 25187.66,  30054.72, 66.558
20160506, 25223.66,  30240.97, 66.6
20160509, 25321.83,  29986.03, 66.752
20160510, 25682.98,  29767.39, 66.631
20160511, 25548.97,  29981.86, 66.561
20160512, 25684.59,  29891.20, 66.757
20160513, 25739.93,  29946.76, 66.855
20160516, 25528.8,  30134.44, 66.844
20160517, 25756.14,  30016.24, 66.825
20160518, 25671.48,  30012.77, 67.14
20160519, 25713.83,  29743.79, 67.436
20160520, 25428.41,  29780.96, 67.408
20160523, 25447.72,  29671.29, 67.40899999999999
20160524, 25256.97,  29515.77, 67.63
20160525, 25432.09,  29032.61, 67.273
20160526, 26008.25,  28972.54, 66.92699999999999
20160527, 26415.92,  28718.39, 67.031
20160530, 26694.75,  28593.09, 67.171
20160531, 26817.75,  28788.01, 67.209
20160601, 26684.46,  28990.27, 67.434
20160602, 26694.27,  28930.49, 67.268
20160603, 26919.23,  29204.44, 67.0
20160606, 26897.83,  29433.41, 66.79
20160607, 26833.53,  29318.23, 66.658
20160608, 27085.24,  29570.10, 66.5
20160609, 26994.48,  29773.56, 66.753
20160610, 26742.25,  29965.48, 66.952
20160613, 26468.26,  30366.59, 67.187
20160614, 26482.5,  30442.98, 67.292
20160615, 26500.78,  30423.22, 67.079
20160616, 26686.02,  30974.21, 67.315
20160617, 26653.84,  30472.24, 67.074
20160620, 26497.1,  30528.85, 67.551
20160621, 26907.41,  30414.06, 67.624
20160622, 26791.67,  30153.26, 67.449
20160623, 26753.19,  29995.42, 67.279
20160624, 26367.48,  31538.73, 67.885
20160627, 26347.81,  31600.56, 67.914
20160628, 26410.66,  31296.11, 67.715
20160629, 26627.15,  31354.36, 67.422
20160630, 26926.16,  31217.57, 67.50399999999999
20160701, 27064.33,  31511.69, 67.19
20160704, 27314.43,  31801.74, 67.265
20160705, 27340.72,  31779.33, 67.434
20160707, 27209.97,  31981.96, 67.495
20160708, 27292.19,  31684.53, 67.139
20160711, 27358.23,  31702.62, 67.138
20160712, 27667.81,  31376.83, 66.975
20160713, 27912.14,  31249.20, 67.016
20160714, 27857.8,  30953.61, 66.843
20160715, 27966.14,  30999.57, 67.141
20160718, 27920.66,  31015.88, 67.137
20160719, 27790.05,  31061.55, 67.204
20160720, 27775.69,  30902.18, 67.163
20160721, 27980.07,  30863.71, 67.153
20160722, 27721.72,  30907.82, 67.154
20160725, 27753.96,  30821.43, 67.41199999999999
20160726, 28121.36,  30909.31, 67.321
20160727, 27976.14,  30926.21, 67.072
20160728, 28108.77,  31265.70, 67.014
20160729, 28232.86,  31328.74, 66.655
20160801, 28083.08,  31514.30, 66.764
20160802, 28069.11,  31709.68, 66.682
20160803, 28008.51,  31817.05, 66.767
20160804, 27899.88,  31723.42, 66.84
20160805, 27810.55,  31502.91, 66.842
20160808, 28181.91,  31133.50, 66.81
20160809, 28289.22,  31172.72, 66.774
20160810, 28133.35,  31460.83, 66.765
20160811, 27805.93,  31375.19, 66.75
20160812, 27919.94,  31332.82, 66.908
20160816, 28190.03,  31423.40, 66.87
20160817, 28061.78,  31364.32, 66.893
20160818, 28077.64,  31459.35, 66.83
20160819, 28167.66,  31422.77, 67.137
20160822, 28088.07,  31300.99, 67.202
20160823, 28012.56,  31361.71, 67.122
20160824, 28065.25,  31206.07, 67.167
20160825, 28103.59,  30969.41, 67.016
20160826, 27882.75,  31080.57, 67.13600000000001
20160829, 27827.25,  30992.13, 67.113
20160830, 28012.46,  30944.01, 67.14399999999999
20160831, 28372.25,  30772.43, 66.973
20160901, 28459.08,  30737.41, 66.801
20160902, 28498.72,  30872.30, 66.795
20160906, 28631.26,  31115.71, 66.28
20160907, 29035.66,  31355.75, 66.47800000000001
20160908, 28929.46,  31302.03, 66.631
20160909, 29062.9,  31218.55, 66.895
20160912, 28481.08,  31105.68, 66.738
20160914, 28345.49,  31053.15, 66.798
20160915, 28398.33,  30987.47, 66.86
20160916, 28520.3,  30868.39, 67.075
20160919, 28626.59,  30926.08, 66.98
20160920, 28690.66,  30952.32, 66.985
20160921, 28554.38,  31116.29, 66.744
20160922, 28766.93,  31277.99, 66.633
20160923, 28810.32,  31286.54, 66.707
20160926, 28630.91,  31302.27, 66.613
20160927, 28373.01,  31121.39, 66.425
20160928, 28198.88,  30972.45, 66.34899999999999
20160929, 28423.14,  31098.75, 66.812
20160930, 27807.82,  31122.62, 66.556
20161003, 27997.28,  30907.61, 66.546
20161004, 28377.64,  30479.46, 66.609
20161005, 28425.74,  29978.37, 66.572
20161006, 28298.34,  29766.01, 66.697
20161007, 28129.22,  29635.82, 66.602
20161010, 28144.27,  29715.09, 66.492
20161013, 28042.61,  29795.01, 66.794
20161014, 27712.22,  29631.22, 66.717
20161017, 27776.14,  29672.77, 66.789
20161018, 27656.89,  29770.64, 66.733
20161019, 28112.35,  29888.48, 66.645
20161020, 28031.57,  29961.01, 66.83
20161021, 28163.41,  29902.62, 66.926
20161024, 28156.58,  29811.90, 66.845
20161025, 28159.08,  29863.01, 66.806
20161026, 28050.55,  29912.74, 66.863
20161027, 27808.63,  29901.15, 66.881
20161028, 27983.14,  29922.72, 66.778
20161101, 27966.17,  30178.14, 66.696
20161102, 27679.32,  30494.15, 66.762
20161103, 27518.06,  30406.30, 66.668
20161104, 27465.55,  30520.32, 66.796
20161107, 27552.26,  30188.10, 66.745
20161108, 27537.25,  30042.21, 66.24600000000001
20161109, 26251.38,  30603.40, 66.515
20161110, 27605.05,  29998.15, 66.865
20161111, 27344.84,  29663.63, 67.565
20161115, 26809.6,  29313.79, 67.786
20161116, 26508.93,  29373.83, 67.999
20161117, 26304.9,  29289.33, 68.023
20161118, 26270.19,  28909.28, 68.191
20161121, 26246.69,  29078.35, 68.22800000000001
20161122, 25928.16,  29162.40, 68.396
20161123, 26101.33,  28954.14, 68.78399999999999
20161124, 26049.14,  28707.38, 68.76100000000001
20161125, 25953.24,  28535.82, 68.51899999999999
20161128, 26303.51,  28749.24, 68.579
20161129, 26408.61,  28637.82, 68.615
20161130, 26441.01,  28466.07, 68.598
20161201, 26756.66,  28060.04, 68.236
20161202, 26437.36,  28087.01, 68.031
20161205, 26253.48,  27967.62, 68.025
20161206, 26403.61,  27931.63, 67.742
20161207, 26456.21,  27910.96, 67.438
20161208, 26366.51,  27832.34, 67.546
20161209, 26787.14,  27677.61, 67.47
20161212, 26725.31,  27544.45, 67.431
20161213, 26607.65,  27554.27, 67.411
20161214, 26707.91,  27612.98, 67.475
20161215, 26497.71,  27095.10, 67.857
20161216, 26548.66,  27115.73, 67.855
20161219, 26505.66,  27222.37, 67.844
20161220, 26374.58,  27100.73, 67.917
20161221, 26368.88,  27092.11, 67.837
20161222, 26224.07,  26957.83, 67.848
20161223, 25959.99,  26960.46, 67.837
20161226, 25992.41,  26969.90, 67.76
20161227, 25815.42,  27216.75, 67.97800000000001
20161228, 26243.18,  27277.06, 68.233
20161229, 26429.41,  27443.86, 67.935
20161230, 26441.5,  27541.95, 67.955
20170102, 26711.15,  27523.33, 68.145
20170103, 26616.91,  27608.29, 68.26
20170104, 26677.22,  27722.69, 67.88600000000001
20170105, 26738.41,  27882.09, 67.743
20170106, 26929.68,  27885.93, 68.115
20170109, 26860.81,  27942.75, 68.1
20170110, 26811.63,  28116.85, 68.327
20170111, 26978.43,  28214.20, 68.312
20170112, 27171.66,  28426.40, 68.141
20170113, 27378.0,  28341.67, 68.18
20170116, 27238.34,  28539.24, 68.10300000000001
20170117, 27331.82,  28700.46, 67.862
20170118, 27261.75,  28752.92, 68.22
20170119, 27253.33,  28563.48, 68.1
20170120, 27232.68,  28614.69, 68.075
20170123, 26990.92,  28788.70, 68.051
20170124, 27170.88,  28745.06, 68.138
20170125, 27462.83,  28497.86, 67.988
20170127, 27761.02,  28196.27, 68.105
20170130, 27866.8,  28409.19, 67.829
20170131, 27867.91,  28702.50, 67.515
20170201, 27669.08,  28804.39, 67.415
20170202, 28167.83,  28938.43, 67.21
20170203, 28270.66,  28847.48, 67.184
20170206, 28340.39,  29072.42, 67.195
20170207, 28443.23,  29278.72, 67.35
20170208, 28386.08,  29336.36, 67.05
20170209, 28349.22,  29237.84, 66.765
20170210, 28367.16,  29034.62, 66.854
20170213, 28450.41,  29071.64, 66.975
20170214, 28386.11,  29075.18, 66.835
20170215, 28270.1,  29017.54, 66.875
20170216, 28223.84,  29311.90, 67.08
20170217, 28670.42,  29380.03, 67.08
20170220, 28481.91,  29251.48, 66.905
20170221, 28716.69,  29191.10, 66.985
20170222, 28822.4,  29253.89, 66.95
20170223, 28927.66,  29352.39, 66.69
20170227, 28910.5,  29640.60, 66.7
20170228, 28825.18,  29565.45, 66.725
20170301, 28849.03,  29377.92, 66.865
20170302, 29117.38,  29293.02, 66.785
20170303, 28827.5,  29065.18, 66.78
20170306, 28859.21,  29068.42, 66.675
20170307, 29092.16,  28847.99, 66.625
20170308, 29021.06,  28673.40, 66.765
20170309, 28909.69,  28501.09, 66.69
20170310, 29006.0,  28336.16, 66.555
20170314, 29437.23,  28159.48, 65.775
20170315, 29452.85,  27973.31, 65.63
20170316, 29482.83,  28438.08, 65.385
20170317, 29755.74,  28491.83, 65.475
20170320, 29653.53,  28540.99, 65.345
20170321, 29525.88,  28581.46, 65.345
20170322, 29341.41,  28867.43, 65.455
20170323, 29201.0,  28855.34, 65.455
20170324, 29350.59,  28778.84, 65.425
20170327, 29395.67,  28880.55, 64.995
20170328, 29301.22,  28837.89, 65.045
20170329, 29463.0,  28696.69, 64.875
20170330, 29538.02,  28671.07, 64.86
20170331, 29633.91,  28582.21, 64.86
20170403, 29737.73,  28778.11, 64.985
20170405, 29996.02,  28872.64, 64.875
20170406, 29946.89,  28815.36, 64.60600000000001
20170407, 29850.71,  28859.07, 64.27
20170410, 29752.61,  28710.25, 64.605
20170411, 29630.06,  28974.47, 64.555
20170412, 29838.82,  29237.61, 64.69
20170413, 29637.11,  29353.22, 64.445
20170417, 29470.26,  29430.25, 64.48
20170418, 29487.77,  29376.97, 64.605
20170419, 29369.9,  29315.07, 64.665
20170420, 29358.58,  29260.14, 64.62
20170421, 29575.66,  29329.14, 64.65
20170424, 29407.67,  29076.15, 64.49
20170425, 29825.14,  28913.56, 64.33
20170426, 30030.19,  28727.17, 64.13
20170427, 30141.39,  28772.76, 64.115
20170428, 30064.59,  28850.48, 64.29
20170502, 30021.49,  28600.85, 64.165
20170503, 29984.94,  28522.22, 64.165
20170504, 30069.72,  28159.04, 64.215
20170505, 30142.14,  28163.18, 64.315
20170508, 29915.11,  28128.20, 64.36
20170509, 29977.5,  28075.82, 64.68
20170510, 29988.77,  28068.57, 64.615
20170511, 30309.71,  28000.15, 64.405
20170512, 30285.6,  28049.60, 64.243
20170515, 30287.36,  28068.46, 64.065
20170516, 30391.48,  28095.72, 64.045
20170517, 30616.52,  28412.28, 64.13
20170518, 30466.82,  28813.70, 64.88
20170519, 30539.65,  28659.69, 64.565
20170522, 30638.88,  28703.52, 64.51
20170523, 30553.89,  28869.81, 64.895
20170524, 30446.76,  28702.92, 64.77
20170525, 30374.81,  28710.83, 64.555
20170526, 30765.76,  28831.53, 64.51
20170529, 30944.38,  28897.10, 64.54
20170530, 31111.73,  28884.02, 64.635
20170531, 31222.5,  28839.26, 64.51
20170601, 31117.08,  28918.67, 64.47800000000001
20170602, 31205.36,  28966.80, 64.415
20170605, 31274.74,  29230.27, 64.35
20170606, 31420.84,  29468.71, 64.43
20170607, 31252.71,  29477.21, 64.435
20170608, 31316.91,  29227.83, 64.25
20170609, 31196.85,  29010.63, 64.245
20170612, 31225.42,  28988.70, 64.48
20170613, 31091.09,  28900.61, 64.345
20170614, 31147.68,  28986.26, 64.235
20170615, 31222.89,  28792.65, 64.565
20170616, 31160.47,  28738.58, 64.465
20170619, 31168.98,  28594.29, 64.495
20170620, 31392.52,  28537.38, 64.54
20170621, 31302.17,  28567.88, 64.53
20170622, 31351.52,  28685.47, 64.605
20170623, 31352.57,  28745.23, 64.505
20170627, 31194.67,  28573.82, 64.475
20170628, 30988.86,  28642.32, 64.525
20170629, 30910.97,  28539.28, 64.66
20170630, 30824.97,  28483.34, 64.62
20170703, 31156.03,  28259.39, 64.845
20170704, 31331.21,  28139.13, 64.79
20170705, 31272.72,  28105.75, 64.8
20170706, 31298.41,  28134.55, 64.725
20170707, 31373.51,  27932.16, 64.625
20170710, 31510.61,  27706.02, 64.475
20170711, 31789.5,  27756.49, 64.565
20170712, 31813.24,  27897.81, 64.475
20170713, 31896.23,  27882.76, 64.46
20170714, 32099.92,  27921.77, 64.42399999999999
20170717, 32053.98,  28084.65, 64.345
20170718, 31775.53,  28214.45, 64.316
20170719, 31882.8,  28222.97, 64.27
20170720, 32033.82,  28245.73, 64.375
20170721, 32035.88,  28424.59, 64.385
20170724, 32100.22,  28559.77, 64.395
20170725, 32350.71,  28496.05, 64.385
20170726, 32255.99,  28367.10, 64.355
20170727, 32519.43,  28549.07, 64.125
20170728, 32381.35,  28600.45, 64.115
20170731, 32412.19,  28663.32, 64.2
20170801, 32579.8,  28709.90, 64.095
20170802, 32641.58,  28588.43, 63.635
20170803, 32502.55,  28477.40, 63.705
20170804, 32191.11,  28494.83, 63.675
20170807, 32377.8,  28411.55, 63.84
20170808, 32341.05,  28430.00, 63.692
20170809, 31926.14,  28714.35, 63.86
20170810, 31750.73,  29063.88, 64.095
20170811, 31355.91,  29206.08, 64.14
20170814, 31299.51,  29087.48, 64.09
20170816, 31566.24,  28888.62, 64.17
20170817, 31919.16,  29155.60, 64.17
20170818, 31729.88,  29275.40, 64.095
20170821, 31609.92,  29184.80, 64.11
20170822, 31393.92,  29129.58, 64.072
20170823, 31407.47,  29144.83, 64.045
20170824, 31673.43,  29108.49, 64.045
20170828, 31756.86,  29325.75, 63.905
20170829, 31724.83,  29792.97, 64.015
20170830, 31534.57,  29552.29, 63.99
20170831, 31685.43,  29574.43, 63.935
20170901, 31769.33,  29779.77, 64.025
20170904, 31932.19,  30138.53, 64.04
20170905, 31755.16,  30128.79, 64.105
20170906, 31713.5,  30198.17, 64.06
20170907, 31738.74,  30201.93, 64.015
20170908, 31694.15,  30358.52, 63.785
20170911, 31798.31,  30018.93, 63.935
20170912, 32029.15,  29888.60, 64.031
20170913, 32188.94,  29949.70, 64.01
20170914, 32289.25,  29887.61, 64.123
20170915, 32207.63,  29929.57, 64.11
20170918, 32361.36,  29666.22, 64.158
20170919, 32522.43,  29620.32, 64.3
20170920, 32467.09,  29753.84, 64.293
20170921, 32406.41,  29537.52, 64.81
20170922, 32339.5,  29646.12, 64.795
20170925, 31986.4,  29783.52, 65.127
20170926, 31685.81,  30015.17, 65.46
20170927, 31785.24,  29800.40, 65.715
20170928, 31216.35,  29640.20, 65.47
20170929, 31367.25,  29664.27, 65.31
20171003, 31537.81,  29496.28, 65.485
20171004, 31522.16,  29475.96, 65.03
20171005, 31725.84,  29433.23, 65.145
20171006, 31633.33,  29429.62, 65.4
20171009, 31862.19,  29713.79, 65.355
20171010, 31910.82,  29812.02, 65.25
20171011, 31975.58,  29774.09, 65.16
20171012, 31887.47,  29831.84, 65.06
20171013, 32247.74,  29810.43, 64.7
20171016, 32488.23,  29908.24, 64.7
20171017, 32654.41,  29683.29, 65.03
20171018, 32518.56,  29591.09, 65.055
20171023, 32656.75,  29469.22, 65.02199999999999
20171024, 32619.25,  29522.38, 65.09
20171025, 32995.28,  29397.01, 64.925
20171026, 33025.17,  29359.71, 64.84
20171027, 33228.32,  29265.61, 65.04
20171030, 33260.1,  29300.73, 64.86
20171031, 33254.92,  29250.82, 64.75
20171101, 33344.23,  29221.19, 64.565
20171102, 33615.83,  29268.15, 64.575
20171103, 33667.33,  29185.16, 64.56
20171106, 33710.14,  29229.69, 64.625
20171107, 33781.01,  29408.02, 65.06
20171108, 33417.35,  29502.73, 64.92
20171109, 33376.62,  29570.50, 64.975
20171110, 33235.75,  29593.69, 65.19
20171113, 33397.41,  29574.48, 65.44
20171114, 32990.03,  29543.42, 65.41
20171115, 32944.94,  29627.03, 65.27
20171116, 32829.82,  29499.05, 65.295
20171117, 33388.46,  29517.86, 65.015
20171120, 33365.83,  29588.08, 65.1
20171121, 33438.28,  29377.06, 64.88
20171122, 33569.07,  29433.67, 64.88
20171123, 33575.91,  29473.78, 64.57
20171124, 33670.0,  29446.63, 64.68
20171127, 33640.51,  29499.13, 64.47800000000001
20171128, 33726.64,  29442.02, 64.41
20171129, 33664.26,  29376.03, 64.36
20171130, 33542.5,  29238.02, 64.49
20171201, 33247.66,  29288.82, 64.52
20171204, 32968.01,  29147.59, 64.38
20171205, 32814.03,  29050.01, 64.36
20171206, 32798.5,  28983.48, 64.53
20171207, 32615.05,  28777.66, 64.57
20171208, 33034.19,  28545.01, 64.48
20171211, 33317.71,  28443.43, 64.355
20171212, 33426.58,  28195.37, 64.41
20171213, 33229.73,  28165.30, 64.46
20171214, 33114.69,  28339.59, 64.34
20171215, 33456.01,  28298.86, 64.08
20171218, 33364.51,  28391.67, 64.21
20171219, 33732.07,  28443.44, 64.06
20171220, 33928.58,  28475.20, 64.115
20171221, 33826.25,  28492.83, 64.02
20171222, 33768.46,  28571.84, 64.02
20171226, 33980.76,  28764.87, 64.05
20171227, 34087.32,  28900.17, 64.12
