Date, Open
20071227, 20301.05
20071228, 20158.11
20071231, 20323.27
20080102, 20393.09
20080103, 20383.02
20080104, 20367.93
20080107, 20637.21
20080108, 20970.07
20080109, 20903.00
20080110, 20930.27
20080111, 20702.93
20080114, 20918.23
20080115, 20836.47
20080116, 20079.89
20080117, 19972.75
20080118, 19579.60
20080121, 18919.57
20080122, 16884.08
20080123, 17520.01
20080124, 17920.98
20080125, 17504.00
20080128, 18011.89
20080129, 18346.49
20080130, 18120.22
20080131, 17810.13
20080201, 17820.66
20080204, 18496.02
20080205, 18592.58
20080206, 18247.02
20080207, 18198.67
20080208, 17610.07
20080211, 17427.33
20080212, 16812.63
20080213, 16816.93
20080214, 17265.18
20080215, 17541.16
20080218, 18228.21
20080219, 18215.25
20080220, 17991.28
20080221, 17825.22
20080222, 17503.03
20080225, 17523.81
20080226, 17799.56
20080227, 17983.41
20080228, 17810.51
20080229, 17779.53
20080303, 17227.56
20080304, 16742.19
20080305, 16328.91
20080307, 16211.95
20080310, 15684.24
20080311, 15778.26
20080312, 16541.14
20080313, 15873.28
20080314, 15467.38
20080317, 15326.92
20080318, 14725.67
20080319, 15325.79
20080324, 15093.76
20080325, 15612.61
20080326, 16270.12
20080327, 15950.29
20080328, 16100.25
20080331, 16226.66
20080401, 15771.71
20080402, 16023.29
20080403, 15805.62
20080404, 15896.08
20080407, 15390.15
20080408, 15770.16
20080409, 15512.70
20080410, 15754.87
20080411, 15840.55
20080415, 15694.41
20080416, 16288.75
20080417, 16456.03
20080421, 16611.41
20080422, 16686.55
20080423, 16823.99
20080424, 16796.25
20080425, 16781.97
20080428, 17251.56
20080429, 17050.86
20080430, 17479.00
20080502, 17560.15
20080505, 17687.00
20080506, 17441.41
20080507, 17404.15
20080508, 17212.60
20080509, 17020.78
20080512, 16641.44
20080513, 17008.02
20080514, 16691.30
20080515, 17084.89
20080516, 17476.41
20080520, 17366.05
20080521, 17065.60
20080522, 17104.58
20080523, 16958.80
20080526, 16468.32
20080527, 16454.75
20080528, 16358.62
20080529, 16666.02
20080530, 16454.02
20080602, 16591.46
20080603, 15851.71
20080604, 15992.90
20080605, 15479.65
20080606, 15914.41
20080609, 15115.96
20080610, 14979.95
20080611, 15018.67
20080612, 14957.53
20080613, 15327.09
20080616, 15400.57
20080617, 15388.36
20080618, 15744.20
20080619, 15250.46
20080620, 15194.73
20080623, 14423.04
20080624, 14290.16
20080625, 13776.20
20080626, 14300.71
20080627, 14127.75
20080630, 13791.01
20080701, 13480.01
20080702, 12948.04
20080703, 13458.29
20080704, 13097.00
20080707, 13561.91
20080708, 13226.04
20080709, 13581.41
20080710, 13851.58
20080711, 14063.45
20080714, 13333.03
20080715, 13067.08
20080716, 12759.75
20080717, 12909.57
20080718, 13234.53
20080721, 13782.12
20080722, 13837.63
20080723, 14568.21
20080724, 15082.37
20080725, 14451.95
20080728, 14267.03
20080729, 14085.53
20080730, 14007.32
20080731, 14359.48
20080801, 14064.25
20080804, 14594.63
20080805, 14562.67
20080806, 15263.65
20080807, 15031.86
20080808, 15036.57
20080811, 15430.30
20080812, 15577.20
20080813, 15030.20
20080814, 15017.67
20080818, 14681.13
20080819, 14517.75
20080820, 14610.57
20080821, 14646.98
20080822, 14153.38
20080825, 14643.37
20080826, 14338.26
20080827, 14563.09
20080828, 14289.96
20080829, 14279.01
20080901, 14412.99
20080902, 14609.44
20080904, 14895.84
20080905, 14569.00
20080908, 15038.05
20080909, 14814.33
20080910, 14717.53
20080911, 14557.33
20080912, 14433.20
20080915, 13592.04
20080916, 13051.73
20080917, 13620.74
20080918, 12712.82
20080919, 13763.83
20080922, 14215.33
20080923, 13721.41
20080924, 13636.70
20080925, 13716.87
20080926, 13486.20
20080929, 13109.95
20080930, 12178.17
20081001, 13006.71
20081003, 12851.46
20081006, 12284.49
20081007, 12068.11
20081008, 11316.24
20081010, 10632.26
20081013, 10817.67
20081014, 11781.42
20081015, 11245.26
20081016, 10221.53
20081017, 10763.33
20081020, 10160.46
20081021, 10428.11
20081022, 10455.23
20081023, 9683.259
20081024, 9497.480
20081027, 8588.860
20081029, 9056.969
20081031, 9361.660
20081103, 10209.37
20081104, 10304.57
20081105, 10931.16
20081106, 9755.030
20081107, 9631.589
20081110, 10154.55
20081111, 10386.45
20081112, 9683.750
20081114, 9784.849
20081117, 9396.929
20081118, 9084.120
20081119, 8970.669
20081120, 8400.879
20081121, 8481.019
20081124, 8840.530
20081125, 9170.280
20081126, 8806.019
20081128, 8889.179
20081201, 9162.940
20081202, 8535.830
20081203, 8851.219
20081204, 8779.019
20081205, 9172.580
20081208, 9276.889
20081210, 9349.530
20081211, 9679.320
20081212, 9370.870
20081215, 9821.849
20081216, 9794.480
20081217, 10073.09
20081218, 9710.200
20081219, 10001.33
20081222, 10102.41
20081223, 9813.200
20081224, 9626.070
20081226, 9655.070
20081229, 9318.860
20081230, 9625.129
20081231, 9806.639
20090102, 9973.059
20090105, 10124.91
20090106, 10241.50
20090107, 10424.95
20090109, 9434.849
20090112, 9306.740
20090113, 9042.360
20090114, 9223.160
20090115, 9000.620
20090116, 9125.650
20090119, 9365.040
20090120, 9159.759
20090121, 8900.780
20090122, 8905.969
20090123, 8804.150
20090127, 8803.070
20090128, 9077.650
20090129, 9340.589
20090130, 9111.120
20090202, 9363.580
20090203, 9128.990
20090204, 9226.200
20090205, 9241.559
20090206, 9161.490
20090209, 9359.000
20090210, 9589.950
20090211, 9462.139
20090212, 9559.030
20090213, 9540.599
20090216, 9637.040
20090217, 9213.400
20090218, 8939.379
20090219, 9034.900
20090220, 8943.780
20090224, 8707.349
20090225, 8913.440
20090226, 8905.559
20090227, 8944.110
20090302, 8762.879
20090303, 8583.059
20090304, 8473.250
20090305, 8535.030
20090306, 8103.750
20090309, 8259.219
20090312, 8274.780
20090313, 8480.740
20090316, 8793.889
20090317, 8942.009
20090318, 8956.299
20090319, 9023.040
20090320, 8951.339
20090323, 9040.299
20090324, 9549.519
20090325, 9442.299
20090326, 9739.929
20090327, 10036.79
20090330, 9902.349
20090331, 9633.209
20090401, 9745.769
20090402, 10107.25
20090406, 10521.78
20090408, 10283.58
20090409, 10876.15
20090413, 10916.42
20090415, 10805.13
20090416, 11358.05
20090417, 11067.70
20090420, 11065.09
20090421, 10765.38
20090422, 10968.59
20090423, 10841.57
20090424, 11149.46
20090427, 11237.41
20090428, 11371.33
20090429, 11091.55
20090504, 11635.24
20090505, 12159.74
20090506, 12100.69
20090507, 12064.50
20090508, 12092.96
20090511, 11997.37
20090512, 11629.96
20090513, 12201.92
20090514, 11774.04
20090515, 11948.70
20090518, 13479.38
20090519, 14757.82
20090520, 14230.73
20090521, 14043.37
20090522, 13663.54
20090525, 13999.44
20090526, 13983.25
20090527, 13851.84
20090528, 14139.13
20090529, 14384.75
20090601, 14790.88
20090602, 14942.20
20090603, 14902.62
20090604, 14755.08
20090605, 15040.24
20090608, 15153.20
20090609, 14618.98
20090610, 15168.17
20090611, 15517.36
20090612, 15446.82
20090615, 15195.83
20090616, 14788.26
20090617, 14978.50
20090618, 14503.04
20090619, 14321.98
20090622, 14591.28
20090623, 14147.87
20090624, 14388.20
20090625, 14476.15
20090626, 14373.57
20090629, 14764.63
20090630, 14785.74
20090701, 14493.83
20090702, 14694.30
20090703, 14552.71
20090706, 14962.12
20090707, 14103.65
20090708, 14039.58
20090709, 13796.19
20090710, 13803.12
20090713, 13405.95
20090714, 13549.41
20090715, 13917.26
20090716, 14351.96
20090717, 14325.58
20090720, 14854.16
20090721, 15218.83
20090722, 15124.91
20090723, 15008.78
20090724, 15272.00
20090727, 15350.88
20090728, 15428.50
20090729, 15293.19
20090730, 15169.23
20090731, 15449.46
20090803, 15694.78
20090804, 15940.09
20090805, 15882.38
20090806, 15881.46
20090807, 15440.95
20090810, 15287.13
20090811, 15000.37
20090812, 14953.44
20090813, 15207.95
20090814, 15530.37
20090817, 15284.23
20090818, 14745.79
20090819, 15079.04
20090820, 14930.04
20090821, 14951.49
20090824, 15362.92
20090825, 15573.91
20090826, 15763.08
20090827, 15711.79
20090828, 15770.19
20090831, 15812.15
20090901, 15691.26
20090902, 15482.04
20090903, 15539.33
20090904, 15425.86
20090907, 15793.26
20090908, 16030.55
20090909, 16111.08
20090910, 16295.91
20090911, 16254.57
20090914, 16185.25
20090915, 16255.41
20090916, 16498.58
20090917, 16686.38
20090918, 16650.05
20090922, 16805.22
20090923, 16905.50
20090924, 16634.08
20090925, 16679.99
20090929, 16829.10
20090930, 16868.46
20091001, 17186.19
20091005, 17062.00
20091006, 16879.38
20091007, 17069.41
20091008, 16908.01
20091009, 16915.96
20091012, 16687.32
20091014, 17117.90
20091015, 17274.07
20091016, 17196.80
20091020, 17414.80
20091021, 17229.72
20091022, 17031.53
20091023, 16795.66
20091026, 16808.05
20091027, 16699.08
20091028, 16335.78
20091029, 16191.38
20091030, 16135.87
20091103, 15838.62
20091104, 15487.96
20091105, 15926.12
20091106, 16137.41
20091109, 16190.79
20091110, 16552.42
20091111, 16444.43
20091112, 16822.17
20091113, 16693.15
20091116, 16893.10
20091117, 17036.23
20091118, 17032.00
20091119, 17004.98
20091120, 16772.75
20091123, 17067.14
20091124, 17230.85
20091125, 17149.08
20091126, 17199.05
20091127, 16718.80
20091130, 16655.75
20091201, 16947.46
20091202, 17226.49
20091203, 17199.64
20091204, 17182.23
20091207, 17106.74
20091208, 16984.53
20091209, 17204.32
20091210, 17107.00
20091211, 17199.74
20091214, 17118.14
20091215, 17150.58
20091216, 16866.94
20091217, 16912.25
20091218, 16855.91
20091221, 16724.83
20091222, 16633.81
20091223, 16723.96
20091224, 17265.47
20091229, 17388.66
20091230, 17402.24
20091231, 17365.36
20100104, 17473.44
20100105, 17555.76
20100106, 17719.47
20100107, 17701.97
20100108, 17603.86
20100111, 17724.58
20100112, 17534.09
20100113, 17368.02
20100114, 17525.71
20100115, 17604.31
20100118, 17538.72
20100119, 17650.82
20100120, 17486.68
20100121, 17474.49
20100122, 16978.35
20100125, 16847.69
20100127, 16708.59
20100128, 16317.16
20100129, 16253.82
20100201, 16339.32
20100202, 16368.44
20100203, 16210.25
20100204, 16500.28
20100205, 16222.55
20100208, 15931.33
20100209, 15940.73
20100210, 16042.17
20100211, 15928.28
20100215, 16186.90
20100216, 16042.17
20100217, 16228.91
20100218, 16421.19
20100219, 16256.53
20100222, 16191.32
20100223, 16213.13
20100224, 16218.67
20100225, 16264.09
20100226, 16255.33
20100302, 16438.44
20100303, 16778.28
20100304, 17013.67
20100305, 16988.28
20100308, 17034.91
20100309, 17089.22
20100310, 17072.93
20100311, 17087.63
20100312, 17176.01
20100315, 17166.97
20100316, 17169.83
20100317, 17389.47
20100318, 17492.81
20100319, 17531.47
20100322, 17481.96
20100323, 17422.50
20100325, 17458.50
20100326, 17558.84
20100329, 17639.17
20100330, 17703.66
20100331, 17602.39
20100401, 17555.03
20100405, 17693.66
20100406, 17940.32
20100407, 17915.59
20100408, 17950.56
20100409, 17715.16
20100412, 17874.16
20100413, 17831.38
20100415, 17804.55
20100416, 17645.91
20100419, 17584.85
20100420, 17394.67
20100421, 17458.75
20100422, 17476.48
20100423, 17533.88
20100426, 17692.25
20100427, 17744.92
20100428, 17643.58
20100429, 17382.08
20100430, 17503.47
20100503, 17536.85
20100504, 17371.75
20100505, 17103.94
20100506, 17080.47
20100507, 16939.58
20100510, 16799.49
20100511, 17336.13
20100512, 17141.52
20100513, 17323.63
20100514, 17267.25
20100517, 16961.91
20100518, 16840.58
20100519, 16802.39
20100520, 16419.09
20100521, 16317.94
20100524, 16494.60
20100525, 16444.57
20100526, 16069.78
20100527, 16410.88
20100528, 16692.66
20100531, 16872.16
20100601, 16942.82
20100602, 16574.78
20100603, 16786.27
20100604, 17036.55
20100607, 17069.76
20100608, 16760.59
20100609, 16621.11
20100610, 16668.91
20100611, 16994.07
20100614, 17118.74
20100615, 17355.49
20100616, 17500.30
20100617, 17490.51
20100618, 17628.01
20100621, 17654.81
20100622, 17868.11
20100623, 17694.86
20100624, 17750.50
20100625, 17705.10
20100628, 17577.66
20100629, 17777.94
20100630, 17476.84
20100701, 17679.33
20100702, 17523.47
20100705, 17473.83
20100706, 17402.67
20100707, 17623.66
20100708, 17536.48
20100709, 17667.84
20100712, 17875.97
20100713, 17908.30
20100714, 18024.94
20100715, 17874.71
20100716, 17911.13
20100719, 17914.11
20100720, 17918.42
20100721, 17873.91
20100722, 17978.36
20100723, 18132.28
20100726, 18056.24
20100727, 17998.74
20100728, 18077.84
20100729, 17961.58
20100730, 17981.06
20100802, 17911.31
20100803, 18149.90
20100804, 18115.56
20100805, 18234.84
20100806, 18165.49
20100809, 18141.10
20100810, 18272.27
20100811, 18177.34
20100812, 17972.65
20100813, 18080.28
20100816, 18169.80
20100817, 18049.18
20100818, 18067.66
20100819, 18276.50
20100820, 18444.24
20100823, 18400.33
20100824, 18407.00
20100825, 18308.50
20100826, 18194.77
20100827, 18205.90
20100830, 18063.48
20100831, 18015.66
20100901, 18027.11
20100902, 18215.27
20100903, 18238.08
20100906, 18124.28
20100907, 18571.73
20100908, 18627.66
20100909, 18669.11
20100913, 18845.31
20100914, 19218.13
20100915, 19343.74
20100916, 19476.92
20100917, 19436.71
20100920, 19445.41
20100921, 19925.78
20100922, 20039.42
20100923, 19944.30
20100924, 19836.42
20100927, 20082.25
20100928, 20114.36
20100929, 20086.89
20100930, 19931.49
20101001, 20094.09
20101004, 20501.21
20101005, 20461.98
20101006, 20448.68
20101007, 20544.30
20101008, 20297.58
20101011, 20250.25
20101012, 20357.78
20101013, 20223.44
20101014, 20700.41
20101015, 20518.50
20101018, 20160.55
20101019, 20298.55
20101020, 19924.01
20101021, 19951.33
20101022, 20334.14
20101025, 20199.73
20101026, 20325.43
20101027, 20220.58
20101028, 20116.49
20101029, 19986.32
20101101, 20272.49
20101102, 20407.17
20101103, 20472.85
20101104, 20605.63
20101108, 21045.66
20101109, 20851.91
20101110, 20917.53
20101111, 20930.44
20101112, 20529.74
20101115, 20167.61
20101116, 20371.73
20101118, 19997.83
20101119, 19982.75
20101122, 19713.83
20101123, 19841.41
20101124, 19735.27
20101125, 19560.25
20101126, 19391.96
20101129, 19230.33
20101130, 19373.23
20101201, 19529.99
20101202, 20038.66
20101203, 20007.89
20101206, 20038.25
20101207, 19982.90
20101208, 19874.30
20101209, 19746.15
20101210, 19201.89
20101213, 19600.27
20101214, 19746.75
20101215, 19791.22
20101216, 19698.58
20101220, 19770.01
20101221, 19925.75
20101222, 20118.82
20101223, 20038.83
20101224, 19911.46
20101227, 20062.59
20101228, 20056.47
20101229, 20060.88
20101230, 20274.11
20101231, 20412.75
20110103, 20621.60
20110104, 20617.38
20110105, 20509.94
20110106, 20395.50
20110107, 20163.84
20110110, 19714.41
20110111, 19279.76
20110112, 19353.33
20110113, 19492.30
20110114, 19198.03
20110117, 18911.42
20110118, 18983.19
20110119, 19153.31
20110120, 18892.42
20110121, 19007.08
20110124, 19095.68
20110125, 19227.41
20110127, 19086.68
20110128, 18708.61
20110131, 18226.21
20110201, 18425.17
20110202, 18216.91
20110203, 18113.73
20110204, 18450.07
20110207, 18135.01
20110208, 18141.50
20110209, 17723.99
20110210, 17603.28
20110211, 17519.13
20110214, 17940.16
20110215, 18260.08
20110216, 18273.06
20110217, 18345.11
20110218, 18564.08
20110221, 18238.53
20110222, 18390.72
20110223, 18233.76
20110224, 18135.11
20110225, 17775.08
20110228, 17811.08
20110301, 17982.27
20110303, 18318.32
20110304, 18622.69
20110307, 18361.65
20110308, 18277.33
20110309, 18522.80
20110310, 18430.83
20110311, 18248.10
20110314, 18167.09
20110315, 18113.78
20110316, 18263.67
20110317, 18227.16
20110318, 18251.17
20110321, 17984.72
20110322, 17929.08
20110323, 17972.03
20110324, 18286.41
20110325, 18480.68
20110328, 18799.71
20110329, 18949.57
20110330, 19178.76
20110331, 19339.75
20110401, 19463.10
20110404, 19473.92
20110405, 19731.38
20110406, 19698.60
20110407, 19620.88
20110408, 19602.81
20110411, 19382.91
20110413, 19187.00
20110415, 19670.07
20110418, 19389.74
20110419, 19091.77
20110420, 19274.21
20110421, 19582.50
20110425, 19538.51
20110426, 19596.32
20110427, 19610.71
20110428, 19532.84
20110429, 19292.57
20110502, 19224.05
20110503, 18979.31
20110504, 18558.33
20110505, 18484.71
20110506, 18289.77
20110509, 18628.63
20110510, 18564.94
20110511, 18572.60
20110512, 18525.32
20110513, 18362.44
20110516, 18492.67
20110517, 18374.44
20110518, 18177.32
20110519, 18166.64
20110520, 18199.96
20110523, 18269.06
20110524, 18016.42
20110525, 17976.35
20110526, 17917.10
20110527, 18105.60
20110530, 18319.74
20110531, 18266.60
20110601, 18527.11
20110602, 18425.84
20110603, 18554.40
20110606, 18344.26
20110607, 18355.30
20110608, 18448.40
20110609, 18394.57
20110610, 18390.41
20110613, 18242.25
20110614, 18276.77
20110615, 18298.58
20110616, 18060.10
20110617, 18060.16
20110620, 17925.16
20110621, 17574.36
20110622, 17659.36
20110623, 17526.91
20110624, 17804.93
20110627, 18132.69
20110628, 18493.58
20110629, 18552.18
20110630, 18741.09
20110701, 18974.96
20110704, 18896.24
20110705, 18837.88
20110706, 18730.28
20110707, 18776.61
20110708, 19084.06
20110711, 18823.18
20110712, 18534.10
20110713, 18468.82
20110714, 18563.68
20110715, 18694.18
20110718, 18592.18
20110719, 18521.38
20110720, 18756.31
20110721, 18514.65
20110722, 18565.03
20110725, 18753.34
20110726, 18898.18
20110727, 18571.15
20110728, 18300.55
20110729, 18194.15
20110801, 18352.23
20110802, 18283.55
20110803, 17970.18
20110804, 17983.85
20110805, 17350.36
20110808, 16907.57
20110809, 16517.86
20110810, 17244.71
20110811, 17056.60
20110812, 17246.88
20110816, 17015.99
20110817, 16782.24
20110818, 16910.26
20110819, 16237.78
20110822, 16155.99
20110823, 16446.84
20110824, 16490.77
20110825, 16338.13
20110826, 16155.54
20110829, 16080.74
20110830, 16585.09
20110902, 16963.66
20110905, 16678.33
20110906, 16663.73
20110907, 16922.31
20110908, 17118.08
20110909, 17189.75
20110912, 16668.25
20110913, 16618.16
20110914, 16522.71
20110915, 16837.75
20110916, 17047.73
20110919, 16865.92
20110920, 16768.63
20110921, 17128.83
20110922, 16827.84
20110923, 16222.37
20110926, 16209.19
20110927, 16289.32
20110928, 16663.25
20110929, 16387.91
20110930, 16599.74
20111003, 16255.96
20111004, 16081.76
20111005, 15967.71
20111007, 16222.49
20111010, 16270.07
20111011, 16668.15
20111012, 16660.42
20111013, 17048.00
20111014, 16836.83
20111017, 17176.05
20111018, 16817.38
20111019, 16883.35
20111020, 16911.84
20111021, 16975.78
20111024, 17011.06
20111025, 17012.78
20111028, 17336.33
20111031, 17806.21
20111101, 17540.55
20111102, 17347.69
20111103, 17430.68
20111104, 17674.69
20111108, 17593.66
20111109, 17641.98
20111111, 17187.89
20111114, 17348.51
20111115, 17081.61
20111116, 16872.30
20111117, 16754.67
20111118, 16387.69
20111121, 16297.03
20111122, 15995.69
20111123, 15969.59
20111124, 15715.80
20111125, 15781.25
20111128, 15890.79
20111129, 16210.37
20111130, 15868.95
20111201, 16555.92
20111202, 16493.98
20111205, 16812.30
20111207, 16830.03
20111208, 16819.74
20111209, 16258.44
20111212, 16354.95
20111213, 15778.62
20111214, 15963.75
20111215, 15739.04
20111216, 15868.78
20111219, 15440.09
20111220, 15436.12
20111221, 15487.75
20111222, 15546.66
20111223, 15863.42
20111226, 15782.16
20111227, 15983.98
20111228, 15854.36
20111229, 15658.94
20111230, 15583.54
20120102, 15534.66
20120103, 15640.55
20120104, 15967.49
20120105, 15893.07
20120106, 15789.08
20120109, 15840.21
20120110, 15898.32
20120111, 16222.37
20120112, 16117.19
20120113, 16144.57
20120116, 16086.74
20120117, 16270.87
20120118, 16502.41
20120119, 16573.86
20120120, 16745.00
20120123, 16667.01
20120124, 16806.72
20120125, 17068.84
20120127, 17201.33
20120130, 17138.03
20120131, 16965.58
20120201, 17179.64
20120202, 17438.07
20120203, 17444.25
20120206, 17741.91
20120207, 17813.74
20120208, 17631.68
20120209, 17647.80
20120210, 17817.58
20120213, 17761.69
20120214, 17767.46
20120215, 18000.30
20120216, 18163.05
20120217, 18331.19
20120221, 18303.73
20120222, 18490.86
20120223, 18127.34
20120224, 18079.00
20120227, 17975.18
20120228, 17545.10
20120229, 17919.92
20120301, 17714.61
20120302, 17661.39
20120305, 17598.41
20120306, 17336.64
20120307, 17127.17
20120309, 17325.82
20120312, 17772.09
20120313, 17680.23
20120314, 18003.15
20120315, 17916.84
20120316, 17656.81
20120319, 17531.47
20120320, 17308.89
20120321, 17301.16
20120322, 17586.06
20120323, 17257.72
20120326, 17377.58
20120327, 17209.13
20120328, 17234.48
20120329, 17039.84
20120330, 17117.41
20120402, 17429.96
20120403, 17576.21
20120404, 17553.25
20120409, 17407.66
20120410, 17259.25
20120411, 17125.96
20120412, 17276.86
20120413, 17232.56
20120416, 17047.86
20120417, 17200.97
20120418, 17447.25
20120419, 17432.89
20120420, 17459.72
20120423, 17347.75
20120424, 17154.75
20120425, 17225.53
20120426, 17191.01
20120427, 17145.39
20120430, 17195.50
20120502, 17370.92
20120503, 17271.76
20120504, 17066.83
20120507, 16620.43
20120508, 16915.71
20120509, 16436.41
20120510, 16515.61
20120511, 16355.58
20120514, 16318.36
20120515, 16146.90
20120516, 16132.67
20120517, 16119.08
20120518, 15868.07
20120521, 16187.66
20120522, 16344.33
20120523, 15995.13
20120524, 16033.90
20120525, 16213.24
20120528, 16289.82
20120529, 16500.03
20120530, 16391.90
20120531, 16224.86
20120601, 16217.48
20120604, 15808.87
20120605, 16065.37
20120606, 16100.36
20120607, 16578.00
20120608, 16611.51
20120611, 16804.89
20120612, 16570.50
20120613, 16865.72
20120614, 16857.23
20120615, 16701.27
20120618, 17039.53
20120619, 16681.89
20120620, 16903.96
20120621, 16855.59
20120622, 16882.74
20120625, 17038.76
20120626, 16873.08
20120627, 16975.75
20120628, 16985.58
20120629, 17134.60
20120702, 17438.67
20120703, 17457.94
20120704, 17473.25
20120705, 17478.16
20120706, 17546.03
20120709, 17449.92
20120710, 17431.67
20120711, 17553.97
20120712, 17297.06
20120713, 17269.19
20120716, 17241.98
20120717, 17176.92
20120718, 17113.36
20120719, 17288.33
20120720, 17275.19
20120723, 17047.73
20120724, 16907.74
20120725, 16899.00
20120726, 16887.83
20120727, 16860.16
20120730, 16919.14
20120731, 17186.60
20120801, 17244.43
20120802, 17245.67
20120803, 17164.48
20120806, 17313.05
20120807, 17456.36
20120808, 17638.52
20120809, 17612.08
20120810, 17515.41
20120813, 17551.68
20120814, 17631.64
20120816, 17752.22
20120817, 17701.19
20120821, 17705.14
20120822, 17827.25
20120823, 17856.28
20120824, 17790.25
20120827, 17769.43
20120828, 17676.13
20120829, 17651.14
20120830, 17433.50
20120831, 17557.61
20120903, 17465.59
20120904, 17378.67
20120905, 17359.96
20120906, 17320.73
20120907, 17575.78
20120910, 17780.92
20120911, 17711.80
20120912, 17916.13
20120913, 18023.94
20120914, 18284.75
20120917, 18619.90
20120918, 18514.72
20120920, 18292.22
20120921, 18411.19
20120924, 18756.31
20120925, 18708.00
20120926, 18644.53
20120927, 18659.75
20120928, 18704.98
20121001, 18784.64
20121003, 18841.49
20121004, 18939.75
20121005, 19115.89
20121008, 18969.18
20121009, 18796.25
20121010, 18699.18
20121011, 18627.36
20121012, 18727.09
20121015, 18690.99
20121016, 18784.75
20121017, 18667.72
20121018, 18653.59
20121019, 18768.00
20121022, 18655.92
20121023, 18803.61
20121025, 18712.41
20121029, 18715.34
20121030, 18642.00
20121031, 18436.78
20121101, 18487.90
20121102, 18692.15
20121105, 18749.36
20121106, 18739.97
20121107, 18802.82
20121108, 18779.74
20121109, 18832.75
20121112, 18691.01
20121115, 18728.94
20121116, 18491.49
20121119, 18349.52
20121120, 18422.68
20121121, 18379.90
20121122, 18510.93
20121123, 18543.94
20121126, 18574.35
20121127, 18616.55
20121129, 18873.63
20121130, 19229.69
20121203, 19342.83
20121204, 19277.58
20121205, 19397.98
20121206, 19475.08
20121207, 19514.88
20121210, 19442.18
20121211, 19466.28
20121212, 19432.53
20121213, 19403.66
20121214, 19217.96
20121217, 19290.91
20121218, 19293.00
20121219, 19429.91
20121220, 19511.41
20121221, 19394.55
20121224, 19278.00
20121226, 19302.47
20121227, 19479.83
20121228, 19364.08
20121231, 19422.58
20130102, 19693.30
20130103, 19771.02
20130104, 19782.58
20130107, 19820.56
20130108, 19681.38
20130109, 19770.21
20130110, 19728.01
20130111, 19813.64
20130114, 19689.08
20130115, 19999.82
20130116, 19978.18
20130117, 19846.41
20130118, 20038.66
20130121, 20132.83
20130122, 20102.42
20130123, 19997.03
20130124, 20017.19
20130125, 19945.68
20130128, 20129.00
20130129, 20080.31
20130130, 20014.80
20130131, 19987.27
20130201, 19907.21
20130204, 19860.97
20130205, 19665.53
20130206, 19737.76
20130207, 19589.43
20130208, 19577.18
20130211, 19517.58
20130212, 19489.86
20130213, 19601.68
20130214, 19626.81
20130215, 19449.83
20130218, 19496.25
20130219, 19523.69
20130220, 19717.93
20130221, 19549.05
20130222, 19341.90
20130225, 19365.33
20130226, 19290.66
20130227, 19090.32
20130228, 19264.80
20130301, 18876.67
20130304, 18920.90
20130305, 18943.61
20130306, 19254.19
20130307, 19222.05
20130308, 19478.66
20130311, 19679.88
20130312, 19675.81
20130313, 19511.97
20130314, 19367.25
20130315, 19570.00
20130318, 19282.63
20130319, 19345.91
20130320, 19026.46
20130321, 18926.21
20130322, 18784.92
20130325, 18894.13
20130326, 18645.08
20130328, 18702.46
20130401, 18890.81
20130402, 18863.82
20130403, 19034.00
20130404, 18731.38
20130405, 18493.66
20130408, 18455.80
20130409, 18481.47
20130410, 18355.14
20130411, 18577.51
20130412, 18275.66
20130415, 18196.08
20130416, 18356.32
20130417, 18773.44
20130418, 18695.33
20130422, 18989.77
20130423, 19210.25
20130425, 19192.10
20130426, 19376.00
20130429, 19306.66
20130430, 19492.83
20130502, 19459.33
20130503, 19707.94
20130506, 19571.66
20130507, 19697.33
20130508, 19950.22
20130509, 20015.85
20130510, 19911.08
20130513, 20073.41
20130514, 19715.80
20130515, 19798.17
20130516, 20167.92
20130517, 20267.59
20130520, 20277.75
20130521, 20227.16
20130522, 20150.68
20130523, 19971.36
20130524, 19765.32
20130527, 19750.66
20130528, 20056.27
20130529, 20202.50
20130530, 20066.93
20130531, 20186.66
20130603, 19859.22
20130604, 19605.67
20130605, 19532.41
20130606, 19503.67
20130607, 19522.31
20130610, 19530.34
20130611, 19382.22
20130612, 19103.96
20130613, 18897.49
20130614, 18959.83
20130617, 19249.90
20130618, 19329.16
20130619, 19224.08
20130620, 19069.19
20130621, 18695.80
20130624, 18714.06
20130625, 18602.25
20130626, 18662.36
20130627, 18716.10
20130628, 19093.17
20130701, 19352.48
20130702, 19573.92
20130703, 19347.10
20130704, 19256.11
20130705, 19568.78
20130708, 19418.98
20130709, 19399.36
20130710, 19482.66
20130711, 19468.46
20130712, 19898.68
20130715, 19926.09
20130716, 19788.08
20130717, 19928.94
20130718, 19999.50
20130719, 20213.44
20130722, 20096.71
20130723, 20249.98
20130724, 20200.19
20130725, 20062.00
20130726, 19892.47
20130729, 19714.41
20130730, 19577.75
20130731, 19304.07
20130801, 19443.28
20130802, 19399.55
20130805, 19178.06
20130806, 19127.09
20130807, 18758.52
20130808, 18687.30
20130812, 18898.93
20130813, 18895.25
20130814, 19299.41
20130816, 19297.10
20130819, 18587.38
20130820, 18142.83
20130821, 18545.43
20130822, 17896.83
20130823, 18386.52
20130826, 18602.56
20130827, 18460.72
20130828, 17851.43
20130829, 18073.66
20130830, 18424.72
20130902, 18691.83
20130903, 19002.76
20130904, 18314.67
20130905, 18857.59
20130906, 19072.01
20130910, 19448.39
20130911, 19999.76
20130912, 20046.05
20130913, 19744.53
20130916, 19977.38
20130917, 19721.90
20130918, 19865.99
20130919, 20354.73
20130920, 20616.34
20130923, 20060.82
20130924, 19820.02
20130925, 19947.42
20130926, 19853.66
20130927, 19951.73
20130930, 19643.89
20131001, 19452.05
20131003, 19585.78
20131004, 19870.00
20131007, 19880.93
20131008, 20094.21
20131009, 19918.19
20131010, 20228.75
20131011, 20535.90
20131014, 20534.60
20131015, 20722.90
20131017, 20579.56
20131018, 20486.77
20131021, 20915.75
20131022, 20863.15
20131023, 20875.31
20131024, 20766.05
20131025, 20725.51
20131028, 20696.50
20131029, 20593.49
20131030, 20944.14
20131031, 21000.59
20131101, 21158.81
20131105, 21134.09
20131106, 21004.53
20131107, 20896.13
20131108, 20785.19
20131111, 20596.40
20131112, 20510.31
20131113, 20248.51
20131114, 20351.39
20131118, 20570.58
20131119, 20870.16
20131120, 20857.00
20131121, 20579.25
20131122, 20316.58
20131125, 20326.66
20131126, 20604.26
20131127, 20449.00
20131128, 20522.35
20131129, 20558.92
20131202, 20771.26
20131203, 20857.84
20131204, 20839.44
20131205, 20992.25
20131206, 20955.74
20131209, 21416.66
20131210, 21293.58
20131211, 21191.26
20131212, 21101.05
20131213, 20867.16
20131216, 20714.25
20131217, 20732.43
20131218, 20568.69
20131219, 20959.80
20131220, 20792.36
20131223, 21080.53
20131224, 21127.66
20131226, 21051.00
20131227, 21114.49
20131230, 21260.15
20131231, 21177.76
20140101, 21222.18
20140102, 21179.91
20140103, 20819.58
20140106, 20913.78
20140107, 20845.76
20140108, 20767.41
20140109, 20755.73
20140110, 20760.72
20140113, 20850.53
20140114, 21115.00
20140115, 21091.46
20140116, 21366.91
20140117, 21236.65
20140120, 21083.52
20140121, 21237.96
20140122, 21251.65
20140123, 21319.68
20140124, 21289.15
20140127, 20899.02
20140128, 20721.16
20140129, 20784.03
20140130, 20491.74
20140131, 20544.64
20140203, 20479.02
20140204, 20050.99
20140205, 20241.11
20140206, 20286.08
20140207, 20441.03
20140210, 20429.16
20140211, 20400.93
20140212, 20449.83
20140213, 20478.66
20140214, 20265.13
20140217, 20438.86
20140218, 20457.56
20140219, 20643.84
20140220, 20661.07
20140221, 20600.58
20140224, 20695.48
20140225, 20877.72
20140226, 20869.60
20140228, 20995.39
20140303, 21079.26
20140304, 20947.00
20140305, 21280.35
20140306, 21336.32
20140307, 21539.43
20140310, 21819.18
20140311, 21918.83
20140312, 21793.32
20140313, 21736.60
20140314, 21648.05
20140318, 21849.65
20140319, 21872.67
20140320, 21797.60
20140321, 21823.51
20140324, 21827.50
20140325, 21948.31
20140326, 22134.71
20140327, 22116.23
20140328, 22273.43
20140331, 22423.14
20140401, 22455.23
20140402, 22550.58
20140403, 22598.18
20140404, 22522.46
20140407, 22355.56
20140409, 22389.21
20140410, 22729.46
20140411, 22642.05
20140415, 22698.08
20140416, 22486.73
20140417, 22327.75
20140421, 22644.75
20140422, 22771.24
20140423, 22783.65
20140425, 22892.50
20140428, 22717.58
20140429, 22654.27
20140430, 22517.63
20140502, 22493.58
20140505, 22412.80
20140506, 22512.23
20140507, 22488.96
20140508, 22382.14
20140509, 22374.98
20140512, 23031.10
20140513, 23729.77
20140514, 23897.88
20140515, 23809.41
20140516, 24271.53
20140519, 24340.32
20140520, 24555.31
20140521, 24404.48
20140522, 24415.41
20140523, 24535.14
20140526, 24913.89
20140527, 24748.09
20140528, 24591.60
20140529, 24523.13
20140530, 24300.99
20140602, 24368.96
20140603, 24729.22
20140604, 24909.02
20140605, 24828.38
20140606, 25204.94
20140609, 25543.59
20140610, 25706.34
20140611, 25650.61
20140612, 25597.21
20140613, 25677.05
20140616, 25239.50
20140617, 25189.46
20140618, 25565.18
20140619, 25327.08
20140620, 25237.53
20140623, 25108.08
20140624, 25115.83
20140625, 25421.49
20140626, 25217.68
20140627, 25132.08
20140630, 25179.55
20140701, 25469.93
20140702, 25660.57
20140703, 25875.75
20140704, 25844.80
20140707, 26039.66
20140708, 26166.91
20140709, 25615.27
20140710, 25513.74
20140711, 25488.85
20140714, 25093.16
20140715, 25100.90
20140716, 25322.16
20140717, 25540.91
20140718, 25558.48
20140721, 25776.53
20140722, 25784.48
20140723, 26130.25
20140724, 26188.50
20140725, 26257.14
20140728, 26173.47
20140730, 26005.14
20140731, 26105.89
20140801, 25753.91
20140804, 25631.67
20140805, 25817.83
20140806, 25892.55
20140807, 25668.71
20140808, 25406.86
20140811, 25476.86
20140812, 25703.77
20140813, 25861.47
20140814, 25948.30
20140818, 26123.68
20140819, 26482.56
20140820, 26496.28
20140821, 26322.66
20140822, 26419.52
20140825, 26490.31
20140826, 26349.86
20140827, 26553.24
20140828, 26620.17
20140901, 26733.17
20140902, 26888.21
20140903, 27128.06
20140904, 27164.94
20140905, 27127.25
20140908, 27145.11
20140909, 27316.42
20140910, 27230.93
20140911, 27143.22
20140912, 27048.15
20140915, 26998.07
20140916, 26854.90
20140917, 26627.21
20140918, 26573.89
20140919, 27139.39
20140922, 27008.11
20140923, 27244.98
20140924, 26817.93
20140925, 26808.66
20140926, 26429.30
20140929, 26694.41
20140930, 26610.71
20141001, 26681.47
20141007, 26487.50
20141008, 26229.66
20141009, 26394.36
20141010, 26551.74
20141013, 26275.07
20141014, 26537.41
20141016, 26260.34
20141017, 25950.00
20141020, 26434.16
20141021, 26552.44
20141022, 26782.57
20141027, 26889.50
20141028, 26788.73
20141029, 27017.43
20141030, 27098.93
20141031, 27439.06
20141103, 27943.03
20141105, 27907.18
20141107, 27902.71
20141110, 27919.44
20141111, 27911.25
20141112, 27958.64
20141113, 28048.56
20141114, 27949.53
20141117, 28018.67
20141118, 28209.02
20141119, 28193.90
20141120, 28100.83
20141121, 28100.09
20141124, 28413.00
20141125, 28520.75
20141126, 28321.58
20141127, 28397.80
20141128, 28490.71
20141201, 28748.22
20141202, 28522.46
20141203, 28472.32
20141204, 28616.92
20141205, 28604.50
20141208, 28433.00
20141209, 28134.22
20141210, 27711.96
20141211, 27796.33
20141212, 27598.96
20141215, 27136.27
20141216, 27181.17
20141217, 26724.00
20141218, 27053.85
20141219, 27292.55
20141222, 27479.86
20141223, 27733.11
20141224, 27530.25
20141230, 27478.30
20141231, 27358.30
20150102, 27521.27
20150105, 27978.42
20150106, 27694.23
20150107, 26983.42
20150108, 27178.76
20150109, 27404.18
20150112, 27523.85
20150113, 27611.56
20150114, 27432.14
20150115, 27831.16
20150116, 28056.60
20150119, 28249.83
20150120, 28324.84
20150121, 28843.08
20150122, 28957.78
20150123, 29189.44
20150127, 29189.44
20150128, 29565.72
20150129, 29516.49
20150130, 29801.59
20150202, 29143.63
20150203, 29217.40
20150204, 29129.84
20150205, 28912.38
20150206, 28892.21
20150209, 28566.50
20150210, 28122.48
20150211, 28450.25
20150212, 28650.25
20150213, 28888.99
20150216, 29170.76
20150218, 29170.76
20150219, 29434.91
20150220, 29446.21
20150223, 29316.58
20150224, 29016.55
20150225, 29115.32
20150226, 29051.90
20150227, 28865.11
20150302, 29533.41
20150303, 29500.18
20150304, 29937.26
20150305, 29436.76
20150309, 29436.76
20150310, 28924.06
20150311, 28725.75
20150312, 28798.60
20150313, 29134.92
20150316, 28546.31
20150317, 28595.00
20150318, 28766.86
20150319, 28805.22
20150320, 28465.43
20150323, 28317.28
20150324, 28209.33
20150325, 28216.08
20150326, 27937.61
20150327, 27649.77
20150330, 27655.78
20150331, 28069.84
20150401, 27954.85
20150406, 27954.85
20150407, 28582.33
20150408, 28601.49
20150409, 28858.41
20150410, 28889.26
20150413, 28955.13
20150415, 28955.13
20150416, 28876.23
20150417, 28682.97
20150420, 28525.65
20150421, 27860.50
20150422, 27756.67
20150423, 27977.26
20150424, 27804.58
20150427, 27565.49
20150428, 27215.60
20150429, 27395.71
20150430, 27242.05
20150504, 27242.05
20150505, 27561.32
20150506, 27473.35
20150507, 26721.33
20150508, 26814.38
20150511, 27249.41
20150512, 27502.91
20150513, 27023.71
20150514, 27290.16
20150515, 27233.90
20150518, 27416.97
20150519, 27663.08
20150520, 27749.30
20150521, 27885.35
20150522, 27849.53
20150525, 27893.25
20150526, 27633.66
20150527, 27447.40
20150528, 27619.31
20150529, 27553.02
20150601, 27770.78
20150602, 27890.73
20150603, 27230.67
20150604, 26940.64
20150605, 26819.82
20150608, 26814.31
20150609, 26510.28
20150610, 26517.32
20150611, 26959.98
20150612, 26340.32
20150615, 26498.66
20150616, 26586.85
20150617, 26815.41
20150618, 26916.99
20150619, 27207.75
20150622, 27427.18
20150623, 27760.10
20150624, 27852.32
20150625, 27660.22
20150626, 27880.72
20150629, 27451.07
20150630, 27627.39
20150701, 27823.65
20150702, 28100.38
20150703, 27973.11
20150706, 27857.19
20150707, 28220.10
20150708, 28031.44
20150709, 27681.49
20150710, 27705.35
20150713, 27739.32
20150714, 27986.91
20150715, 28022.14
20150716, 28259.69
20150717, 28480.91
20150720, 28544.27
20150721, 28381.82
20150722, 28159.41
20150723, 28540.97
20150724, 28390.50
20150727, 28117.65
20150728, 27630.21
20150729, 27540.46
20150730, 27685.82
20150731, 27814.50
20150803, 28089.08
20150804, 28225.03
20150805, 28138.03
20150806, 28291.88
20150807, 28327.10
20150810, 28250.77
20150811, 28193.25
20150812, 27880.75
20150813, 27635.25
20150814, 27668.06
20150817, 28093.53
20150818, 27949.13
20150819, 27851.81
20150820, 27959.18
20150821, 27440.09
20150824, 26730.40
20150825, 25916.25
20150826, 26063.26
20150827, 26137.02
20150828, 26542.83
20150831, 26469.41
20150901, 26127.03
20150902, 25891.94
20150903, 25614.68
20150904, 25772.58
20150907, 25302.98
20150908, 24972.00
20150909, 25682.86
20150910, 25522.96
20150911, 25793.76
20150914, 25706.86
20150915, 25908.33
20150916, 25884.05
20150918, 26130.35
20150921, 26107.98
20150922, 26274.36
20150923, 25526.52
20150924, 25798.05
20150928, 25922.71
20150929, 25496.38
20150930, 25986.51
20151001, 26344.18
20151005, 26379.41
20151006, 26976.66
20151007, 26966.85
20151008, 27116.85
20151009, 26974.91
20151012, 27242.59
20151013, 26874.28
20151014, 26760.32
20151015, 26842.18
20151016, 27062.80
20151019, 27305.61
20151020, 27402.90
20151021, 27312.34
20151023, 27466.64
20151026, 27575.03
20151027, 27291.06
20151028, 27131.71
20151029, 27083.69
20151030, 26878.48
20151102, 26641.68
20151103, 26660.71
20151104, 26704.01
20151105, 26557.80
20151106, 26284.00
20151109, 25809.00
20151110, 26094.08
20151113, 25934.90
20151116, 25580.15
20151117, 25897.88
20151118, 25837.71
20151119, 25640.33
20151120, 25856.13
20151123, 25945.14
20151124, 25785.60
20151126, 25769.81
20151127, 26003.19
20151130, 26142.52
20151201, 26201.26
20151202, 26239.39
20151203, 26123.85
20151204, 25810.06
20151207, 25746.02
20151208, 25488.41
20151209, 25299.33
20151210, 25136.71
20151211, 25281.76
20151214, 24935.59
20151215, 25186.67
20151216, 25402.47
20151217, 25596.63
20151218, 25764.66
20151221, 25425.32
20151222, 25731.07
20151223, 25697.66
20151224, 25893.83
20151228, 25858.51
20151229, 26075.67
20151230, 26123.86
20151231, 25980.85
20160104, 26116.51
20160105, 25744.69
20160106, 25628.23
20160107, 25224.69
20160108, 24969.01
20160111, 24787.10
20160112, 24862.92
20160113, 24804.64
20160114, 24606.19
20160115, 24881.75
20160118, 24400.77
20160119, 24257.27
20160120, 24325.76
20160121, 24194.75
20160122, 24122.06
20160125, 24540.97
20160127, 24643.13
20160128, 24481.85
20160129, 24347.31
20160201, 24982.22
20160202, 24868.21
20160203, 24393.58
20160204, 24386.44
20160205, 24360.35
20160208, 24637.41
20160209, 24076.84
20160210, 23938.32
20160211, 23758.46
20160212, 23060.39
20160215, 23223.42
20160216, 23688.60
20160217, 23237.23
20160218, 23536.47
20160219, 23640.32
20160222, 23783.47
20160223, 23850.41
20160224, 23332.93
20160225, 23105.16
20160226, 23141.08
20160229, 23238.50
20160301, 23153.32
20160302, 24044.96
20160303, 24386.66
20160304, 24704.58
20160308, 24655.18
20160309, 24527.26
20160310, 24815.69
20160311, 24620.39
20160314, 24801.69
20160315, 24832.03
20160316, 24537.60
20160317, 24852.17
20160318, 24729.41
20160321, 25007.56
20160322, 25331.00
20160323, 25322.09
20160328, 25417.10
20160329, 24957.24
20160330, 25062.06
20160331, 25364.75
20160401, 25301.69
20160404, 25333.98
20160405, 25372.43
20160406, 24978.85
20160407, 24998.78
20160408, 24665.80
20160411, 24789.40
20160412, 25056.47
20160413, 25358.41
20160418, 25833.16
20160420, 25942.33
20160421, 25979.67
20160422, 25892.49
20160425, 25891.02
20160426, 25604.91
20160427, 25956.41
20160428, 26078.27
20160429, 25612.91
20160502, 25565.43
20160503, 25500.14
20160504, 25210.86
20160505, 25187.66
20160506, 25223.66
20160509, 25321.83
20160510, 25682.98
20160511, 25548.97
20160512, 25684.59
20160513, 25739.93
20160516, 25528.80
20160517, 25756.14
20160518, 25671.48
20160519, 25713.83
20160520, 25428.41
20160523, 25447.72
20160524, 25256.97
20160525, 25432.09
20160526, 26008.25
20160527, 26415.92
20160530, 26694.75
20160531, 26817.75
20160601, 26684.46
20160602, 26694.27
20160603, 26919.23
20160606, 26897.83
20160607, 26833.53
20160608, 27085.24
20160609, 26994.48
20160610, 26742.25
20160613, 26468.26
20160614, 26482.50
20160615, 26500.78
20160616, 26686.02
20160617, 26653.84
20160620, 26497.10
20160621, 26907.41
20160622, 26791.67
20160623, 26753.19
20160624, 26367.48
20160627, 26347.81
20160628, 26410.66
20160629, 26627.15
20160630, 26926.16
20160701, 27064.33
20160704, 27314.43
20160705, 27340.72
20160707, 27209.97
20160708, 27292.19
20160711, 27358.23
20160712, 27667.81
20160713, 27912.14
20160714, 27857.80
20160715, 27966.14
20160718, 27920.66
20160719, 27790.05
20160720, 27775.69
20160721, 27980.07
20160722, 27721.72
20160725, 27753.96
20160726, 28121.36
20160727, 27976.14
20160728, 28108.77
20160729, 28232.86
20160801, 28083.08
20160802, 28069.11
20160803, 28008.51
20160804, 27899.88
20160805, 27810.55
20160808, 28181.91
20160809, 28289.22
20160810, 28133.35
20160811, 27805.93
20160812, 27919.94
20160816, 28190.03
20160817, 28061.78
20160818, 28077.64
20160819, 28167.66
20160822, 28088.07
20160823, 28012.56
20160824, 28065.25
20160825, 28103.59
20160826, 27882.75
20160829, 27827.25
20160830, 28012.46
20160831, 28372.25
20160901, 28459.08
20160902, 28498.72
20160906, 28631.26
20160907, 29035.66
20160908, 28929.46
20160909, 29062.90
20160912, 28481.08
20160914, 28345.49
20160915, 28398.33
20160916, 28520.30
20160919, 28626.59
20160920, 28690.66
20160921, 28554.38
20160922, 28766.93
20160923, 28810.32
20160926, 28630.91
20160927, 28373.01
20160928, 28198.88
20160929, 28423.14
20160930, 27807.82
20161003, 27997.28
20161004, 28377.64
20161005, 28425.74
20161006, 28298.34
20161007, 28129.22
20161010, 28144.27
20161013, 28042.61
20161014, 27712.22
20161017, 27776.14
20161018, 27656.89
20161019, 28112.35
20161020, 28031.57
20161021, 28163.41
20161024, 28156.58
20161025, 28159.08
20161026, 28050.55
20161027, 27808.63
20161028, 27983.14
20161101, 27966.17
20161102, 27679.32
20161103, 27518.06
20161104, 27465.55
20161107, 27552.26
20161108, 27537.25
20161109, 26251.38
20161110, 27605.05
20161111, 27344.84
20161115, 26809.60
20161116, 26508.93
20161117, 26304.90
20161118, 26270.19
20161121, 26246.69
20161122, 25928.16
20161123, 26101.33
20161124, 26049.14
20161125, 25953.24
20161128, 26303.51
20161129, 26408.61
20161130, 26441.01
20161201, 26756.66
20161202, 26437.36
20161205, 26253.48
20161206, 26403.61
20161207, 26456.21
20161208, 26366.51
20161209, 26787.14
20161212, 26725.31
20161213, 26607.65
20161214, 26707.91
20161215, 26497.71
20161216, 26548.66
20161219, 26505.66
20161220, 26374.58
20161221, 26368.88
20161222, 26224.07
20161223, 25959.99
20161226, 25992.41
20161227, 25815.42
20161228, 26243.18
20161229, 26429.41
20161230, 26441.50
20170102, 26711.15
20170103, 26616.91
20170104, 26677.22
20170105, 26738.41
20170106, 26929.68
20170109, 26860.81
20170110, 26811.63
20170111, 26978.43
20170112, 27171.66
20170113, 27378.00
20170116, 27238.34
20170117, 27331.82
20170118, 27261.75
20170119, 27253.33
20170120, 27232.68
20170123, 26990.92
20170124, 27170.88
20170125, 27462.83
20170127, 27761.02
20170130, 27866.80
20170131, 27867.91
20170201, 27669.08
20170202, 28167.83
20170203, 28270.66
20170206, 28340.39
20170207, 28443.23
20170208, 28386.08
20170209, 28349.22
20170210, 28367.16
20170213, 28450.41
20170214, 28386.11
20170215, 28270.10
20170216, 28223.84
20170217, 28670.42
20170220, 28481.91
20170221, 28716.69
20170222, 28822.40
20170223, 28927.66
20170227, 28910.50
20170228, 28825.18
20170301, 28849.03
20170302, 29117.38
20170303, 28827.50
20170306, 28859.21
20170307, 29092.16
20170308, 29021.06
20170309, 28909.69
20170310, 29006.00
20170314, 29437.23
20170315, 29452.85
20170316, 29482.83
20170317, 29755.74
20170320, 29653.53
20170321, 29525.88
20170322, 29341.41
20170323, 29201.00
20170324, 29350.59
20170327, 29395.67
20170328, 29301.22
20170329, 29463.00
20170330, 29538.02
20170331, 29633.91
20170403, 29737.73
20170405, 29996.02
20170406, 29946.89
20170407, 29850.71
20170410, 29752.61
20170411, 29630.06
20170412, 29838.82
20170413, 29637.11
20170417, 29470.26
20170418, 29487.77
20170419, 29369.90
20170420, 29358.58
20170421, 29575.66
20170424, 29407.67
20170425, 29825.14
20170426, 30030.19
20170427, 30141.39
20170428, 30064.59
20170502, 30021.49
20170503, 29984.94
20170504, 30069.72
20170505, 30142.14
20170508, 29915.11
20170509, 29977.50
20170510, 29988.77
20170511, 30309.71
20170512, 30285.60
20170515, 30287.36
20170516, 30391.48
20170517, 30616.52
20170518, 30466.82
20170519, 30539.65
20170522, 30638.88
20170523, 30553.89
20170524, 30446.76
20170525, 30374.81
20170526, 30765.76
20170529, 30944.38
20170530, 31111.73
20170531, 31222.50
20170601, 31117.08
20170602, 31205.36
20170605, 31274.74
20170606, 31420.84
20170607, 31252.71
20170608, 31316.91
20170609, 31196.85
20170612, 31225.42
20170613, 31091.09
20170614, 31147.68
20170615, 31222.89
20170616, 31160.47
20170619, 31168.98
20170620, 31392.52
20170621, 31302.17
20170622, 31351.52
20170623, 31352.57
20170627, 31194.67
20170628, 30988.86
20170629, 30910.97
20170630, 30824.97
20170703, 31156.03
20170704, 31331.21
20170705, 31272.72
20170706, 31298.41
20170707, 31373.51
20170710, 31510.61
20170711, 31789.50
20170712, 31813.24
20170713, 31896.23
20170714, 32099.92
20170717, 32053.98
20170718, 31775.53
20170719, 31882.80
20170720, 32033.82
20170721, 32035.88
20170724, 32100.22
20170725, 32350.71
20170726, 32255.99
20170727, 32519.43
20170728, 32381.35
20170731, 32412.19
20170801, 32579.80
20170802, 32641.58
20170803, 32502.55
20170804, 32191.11
20170807, 32377.80
20170808, 32341.05
20170809, 31926.14
20170810, 31750.73
20170811, 31355.91
20170814, 31299.51
20170816, 31566.24
20170817, 31919.16
20170818, 31729.88
20170821, 31609.92
20170822, 31393.92
20170823, 31407.47
20170824, 31673.43
20170828, 31756.86
20170829, 31724.83
20170830, 31534.57
20170831, 31685.43
20170901, 31769.33
20170904, 31932.19
20170905, 31755.16
20170906, 31713.50
20170907, 31738.74
20170908, 31694.15
20170911, 31798.31
20170912, 32029.15
20170913, 32188.94
20170914, 32289.25
20170915, 32207.63
20170918, 32361.36
20170919, 32522.43
20170920, 32467.09
20170921, 32406.41
20170922, 32339.50
20170925, 31986.40
20170926, 31685.81
20170927, 31785.24
20170928, 31216.35
20170929, 31367.25
20171003, 31537.81
20171004, 31522.16
20171005, 31725.84
20171006, 31633.33
20171009, 31862.19
20171010, 31910.82
20171011, 31975.58
20171012, 31887.47
20171013, 32247.74
20171016, 32488.23
20171017, 32654.41
20171018, 32518.56
20171023, 32656.75
20171024, 32619.25
20171025, 32995.28
20171026, 33025.17
20171027, 33228.32
20171030, 33260.10
20171031, 33254.92
20171101, 33344.23
20171102, 33615.83
20171103, 33667.33
20171106, 33710.14
20171107, 33781.01
20171108, 33417.35
20171109, 33376.62
20171110, 33235.75
20171113, 33397.41
20171114, 32990.03
20171115, 32944.94
20171116, 32829.82
20171117, 33388.46
20171120, 33365.83
20171121, 33438.28
20171122, 33569.07
20171123, 33575.91
20171124, 33670.00
20171127, 33640.51
20171128, 33726.64
20171129, 33664.26
20171130, 33542.50
20171201, 33247.66
20171204, 32968.01
20171205, 32814.03
20171206, 32798.50
20171207, 32615.05
20171208, 33034.19
20171211, 33317.71
20171212, 33426.58
20171213, 33229.73
20171214, 33114.69
20171215, 33456.01
20171218, 33364.51
20171219, 33732.07
20171220, 33928.58
20171221, 33826.25
20171222, 33768.46
20171226, 33980.76
20171227, 34087.32
